일별,M001_한식,M002_일식/중식/양식,M003_제과/커피/패스트푸드,M004_기타요식,M005_유흥,M006_백화점,M007_할인점/슈퍼마켓,M008_편의점,M009_기타유통,M010_음/식료품,M011_의복/의류,M012_패션/잡화,M013_스포츠/문화/레저,M014_스포츠/문화/레저용품,M015_숙박,M016_여행,M017_미용서비스,M018_화장품,M019_서비스,M020_인테리어,M021_학원,M022_유아교육,M023_교육용품,M024_병원,M025_약국,M026_기타의료,M027_가전/가구,M028_자동차판매,M029_자동차서비스/용품,M030_주유
2019-01-01,3281 ,710 ,2014 ,2946 ,174 ,290 ,6067 ,4427 ,540 ,1184 ,324 ,91 ,1506 ,231 ,200 ,43 ,366 ,101 ,161 ,25 ,37 ,6 ,100 ,155 ,275 ,5 ,149 ,0 ,182 ,1717 
2019-01-02,3357 ,662 ,1931 ,2864 ,83 ,545 ,5909 ,4853 ,752 ,1212 ,257 ,123 ,1190 ,202 ,106 ,53 ,373 ,147 ,394 ,124 ,269 ,48 ,211 ,1887 ,1513 ,21 ,230 ,5 ,363 ,1885 
2019-01-03,3538 ,728 ,1990 ,3053 ,100 ,534 ,5823 ,5041 ,532 ,1254 ,265 ,118 ,1135 ,205 ,110 ,53 ,353 ,146 ,376 ,122 ,239 ,32 ,195 ,1695 ,1316 ,20 ,218 ,9 ,345 ,1897 
2019-01-04,3847 ,818 ,2104 ,3381 ,`,606 ,6027 ,5272 ,457 ,1344 ,286 ,126 ,1193 ,218 ,119 ,52 ,380 ,148 ,287 ,122 ,196 ,21 ,186 ,1744 ,1335 ,21 ,231 ,9 ,358 ,1977 
2019-01-05,3971 ,920 ,2324 ,3649 ,199 ,910 ,6905 ,4991 ,445 ,1484 ,413 ,160 ,1611 ,313 ,205 ,47 ,595 ,157 ,309 ,112 ,113 ,3 ,176 ,1220 ,1067 ,16 ,234 ,3 ,371 ,2003 
2019-01-06,3328 ,811 ,2082 ,3101 ,154 ,860 ,6257 ,4516 ,483 ,1115 ,347 ,117 ,1459 ,267 ,181 ,55 ,510 ,120 ,166 ,40 ,53 ,3 ,132 ,153 ,279 ,5 ,184 ,0 ,205 ,1688 
2019-01-07,3412 ,644 ,1965 ,2917 ,81 ,442 ,5859 ,5068 ,985 ,1267 ,236 ,113 ,1021 ,191 ,103 ,55 ,334 ,133 ,701 ,130 ,217 ,30 ,194 ,1992 ,1536 ,22 ,257 ,9 ,349 ,1865 
2019-01-08,3525 ,717 ,1994 ,3028 ,94 ,481 ,5729 ,5030 ,760 ,1238 ,244 ,109 ,999 ,196 ,107 ,52 ,306 ,143 ,288 ,118 ,177 ,20 ,172 ,1644 ,1227 ,20 ,287 ,9 ,338 ,1865 
2019-01-09,3574 ,747 ,2030 ,3090 ,99 ,490 ,5590 ,5096 ,476 ,1256 ,251 ,112 ,1014 ,197 ,106 ,56 ,341 ,164 ,301 ,115 ,142 ,14 ,171 ,1539 ,1144 ,21 ,215 ,9 ,331 ,1851 
2019-01-10,3661 ,775 ,2130 ,3209 ,107 ,504 ,5886 ,5226 ,576 ,1276 ,274 ,118 ,1057 ,203 ,111 ,59 ,345 ,202 ,724 ,137 ,127 ,12 ,179 ,1536 ,1172 ,21 ,939 ,9 ,328 ,1866 
2019-01-11,3941 ,844 ,2209 ,3581 ,139 ,585 ,6227 ,5537 ,598 ,1411 ,299 ,128 ,1172 ,225 ,129 ,59 ,391 ,209 ,300 ,120 ,114 ,7 ,169 ,1662 ,1257 ,19 ,233 ,9 ,353 ,1985 
2019-01-12,4041 ,953 ,2389 ,3794 ,207 ,870 ,7166 ,5252 ,392 ,1546 ,414 ,163 ,1647 ,330 ,225 ,54 ,607 ,236 ,305 ,104 ,68 ,1 ,159 ,1160 ,1014 ,18 ,243 ,3 ,372 ,1979 
2019-01-13,3449 ,843 ,2162 ,3253 ,164 ,870 ,5102 ,4869 ,469 ,1246 ,357 ,119 ,1538 ,292 ,199 ,62 ,520 ,126 ,168 ,42 ,35 ,0 ,127 ,142 ,254 ,4 ,189 ,0 ,215 ,1705 
2019-01-14,3371 ,632 ,1913 ,2859 ,83 ,416 ,5913 ,5179 ,583 ,1272 ,224 ,106 ,1011 ,168 ,110 ,56 ,324 ,138 ,306 ,125 ,134 ,126 ,157 ,1888 ,1558 ,21 ,225 ,11 ,334 ,1832 
2019-01-15,3496 ,702 ,1977 ,3010 ,96 ,448 ,5771 ,5142 ,578 ,1249 ,226 ,102 ,996 ,168 ,111 ,53 ,295 ,134 ,667 ,117 ,119 ,97 ,156 ,1574 ,1215 ,21 ,582 ,9 ,324 ,1840 
2019-01-16,3594 ,729 ,2045 ,3190 ,98 ,476 ,5914 ,5183 ,528 ,1295 ,248 ,111 ,1008 ,174 ,113 ,57 ,341 ,148 ,302 ,118 ,109 ,214 ,160 ,1516 ,1116 ,19 ,217 ,9 ,327 ,1876 
2019-01-17,3605 ,744 ,2053 ,3171 ,103 ,479 ,5831 ,5210 ,734 ,1291 ,249 ,111 ,1042 ,180 ,112 ,58 ,341 ,151 ,258 ,117 ,95 ,166 ,161 ,1499 ,1131 ,19 ,222 ,9 ,326 ,1876 
2019-01-18,3940 ,833 ,2228 ,3560 ,137 ,573 ,6205 ,5482 ,457 ,1432 ,279 ,126 ,1155 ,203 ,134 ,58 ,395 ,161 ,279 ,121 ,99 ,132 ,158 ,1633 ,1221 ,21 ,236 ,9 ,352 ,2016 
2019-01-19,4075 ,941 ,2393 ,3804 ,210 ,830 ,7004 ,5282 ,434 ,1572 ,386 ,157 ,1634 ,314 ,225 ,57 ,614 ,169 ,308 ,110 ,63 ,17 ,155 ,1129 ,992 ,17 ,244 ,3 ,377 ,2028 
2019-01-20,3437 ,829 ,2140 ,3210 ,161 ,816 ,6406 ,4616 ,480 ,1184 ,329 ,115 ,1507 ,264 ,200 ,61 ,525 ,128 ,174 ,39 ,32 ,12 ,117 ,140 ,258 ,7 ,193 ,0 ,217 ,1725 
2019-01-21,3433 ,635 ,1986 ,2907 ,84 ,420 ,5769 ,5051 ,708 ,1325 ,223 ,107 ,1024 ,167 ,112 ,56 ,331 ,134 ,612 ,129 ,127 ,147 ,213 ,1910 ,1443 ,23 ,589 ,11 ,335 ,1861 
2019-01-22,3551 ,710 ,2043 ,3206 ,97 ,453 ,5904 ,5225 ,553 ,1316 ,236 ,109 ,1001 ,176 ,110 ,53 ,309 ,135 ,283 ,195 ,119 ,96 ,157 ,1623 ,1190 ,21 ,213 ,9 ,334 ,1851 
2019-01-23,3602 ,732 ,2047 ,3161 ,102 ,466 ,5626 ,5224 ,598 ,1327 ,237 ,110 ,1068 ,174 ,109 ,54 ,348 ,140 ,305 ,119 ,111 ,66 ,153 ,1527 ,1120 ,21 ,214 ,10 ,335 ,1845 
2019-01-24,3633 ,749 ,2080 ,3219 ,104 ,475 ,5918 ,5259 ,602 ,1338 ,251 ,109 ,1093 ,184 ,113 ,56 ,349 ,142 ,277 ,117 ,110 ,44 ,155 ,1513 ,1129 ,22 ,227 ,9 ,334 ,1871 
2019-01-25,3897 ,822 ,2184 ,3609 ,128 ,572 ,6208 ,5433 ,707 ,1438 ,273 ,119 ,1170 ,199 ,131 ,56 ,398 ,148 ,1246 ,156 ,124 ,39 ,151 ,1640 ,1207 ,23 ,292 ,9 ,347 ,2005 
2019-01-26,4078 ,975 ,2391 ,3768 ,196 ,890 ,7218 ,5111 ,468 ,1607 ,402 ,160 ,1762 ,316 ,223 ,54 ,648 ,161 ,323 ,107 ,84 ,6 ,155 ,1143 ,982 ,18 ,243 ,4 ,381 ,2086 
2019-01-27,3529 ,872 ,2190 ,3287 ,162 ,898 ,5162 ,4825 ,519 ,1351 ,358 ,116 ,1668 ,288 ,197 ,56 ,559 ,124 ,176 ,44 ,46 ,5 ,122 ,137 ,243 ,6 ,194 ,0 ,226 ,1764 
2019-01-28,3470 ,650 ,1987 ,2919 ,83 ,457 ,6157 ,5087 ,1158 ,1391 ,225 ,109 ,1125 ,170 ,106 ,52 ,356 ,146 ,334 ,132 ,154 ,34 ,150 ,1964 ,1492 ,27 ,256 ,9 ,350 ,1905 
2019-01-29,3594 ,735 ,2025 ,3121 ,96 ,490 ,6071 ,5184 ,810 ,1443 ,237 ,108 ,1114 ,183 ,105 ,51 ,339 ,150 ,287 ,122 ,147 ,23 ,151 ,1655 ,1230 ,25 ,219 ,9 ,347 ,1917 
2019-01-30,3687 ,771 ,2070 ,3232 ,107 ,529 ,6094 ,5290 ,428 ,1478 ,257 ,112 ,1207 ,200 ,102 ,52 ,390 ,154 ,305 ,122 ,149 ,19 ,157 ,1588 ,1193 ,23 ,222 ,10 ,356 ,1923 
2019-01-31,3666 ,791 ,2139 ,3218 ,110 ,568 ,6045 ,5157 ,1045 ,1475 ,262 ,109 ,1170 ,208 ,101 ,55 ,400 ,151 ,258 ,111 ,148 ,19 ,150 ,1567 ,1200 ,24 ,236 ,9 ,350 ,1912 
2019-02-01,3970 ,879 ,2238 ,3598 ,146 ,672 ,6988 ,5326 ,316 ,1842 ,321 ,135 ,1375 ,237 ,117 ,63 ,509 ,171 ,273 ,116 ,202 ,69 ,160 ,1841 ,1474 ,23 ,238 ,9 ,405 ,2233 
2019-02-02,3881 ,907 ,2324 ,3720 ,202 ,963 ,8423 ,4971 ,343 ,2378 ,446 ,167 ,1841 ,338 ,194 ,68 ,709 ,175 ,247 ,100 ,96 ,7 ,151 ,1261 ,1219 ,19 ,238 ,4 ,368 ,2198 
2019-02-03,3002 ,701 ,1967 ,3097 ,184 ,886 ,7989 ,4353 ,323 ,2223 ,315 ,101 ,1676 ,239 ,188 ,55 ,515 ,106 ,121 ,38 ,36 ,2 ,92 ,163 ,357 ,5 ,181 ,0 ,165 ,1602 
2019-02-04,2126 ,471 ,1950 ,2642 ,143 ,387 ,8320 ,4302 ,301 ,2387 ,294 ,82 ,1579 ,226 ,171 ,47 ,411 ,93 ,112 ,37 ,19 ,1 ,78 ,185 ,430 ,7 ,161 ,0 ,153 ,1849 
2019-02-05,1215 ,256 ,1591 ,2101 ,117 ,73 ,3721 ,4494 ,266 ,813 ,133 ,31 ,1310 ,122 ,136 ,46 ,137 ,41 ,75 ,9 ,9 ,1 ,27 ,88 ,149 ,3 ,94 ,0 ,114 ,1667 
2019-02-06,2410 ,628 ,1940 ,2911 ,134 ,774 ,5207 ,4221 ,487 ,781 ,340 ,113 ,1586 ,245 ,158 ,53 ,341 ,123 ,117 ,23 ,24 ,3 ,99 ,191 ,360 ,7 ,162 ,0 ,168 ,1661 
2019-02-07,3179 ,700 ,1959 ,2899 ,93 ,569 ,5216 ,4701 ,1502 ,848 ,269 ,130 ,1227 ,198 ,111 ,57 ,384 ,189 ,750 ,120 ,224 ,34 ,169 ,2046 ,1569 ,24 ,262 ,9 ,384 ,1842 
2019-02-08,3564 ,791 ,2075 ,3255 ,119 ,611 ,5464 ,4933 ,521 ,1026 ,275 ,130 ,1225 ,210 ,120 ,52 ,380 ,186 ,295 ,115 ,207 ,24 ,156 ,1765 ,1289 ,21 ,301 ,11 ,365 ,1896 
2019-02-09,3778 ,927 ,2316 ,3585 ,181 ,952 ,6474 ,4768 ,486 ,1184 ,408 ,162 ,1698 ,318 ,197 ,52 ,560 ,193 ,306 ,106 ,99 ,1 ,162 ,1200 ,1010 ,17 ,240 ,4 ,366 ,1927 
2019-02-10,3212 ,819 ,2096 ,3099 ,143 ,922 ,4713 ,4443 ,509 ,975 ,348 ,118 ,1523 ,269 ,172 ,56 ,477 ,148 ,162 ,38 ,50 ,1 ,128 ,130 ,233 ,5 ,179 ,0 ,200 ,1618 
2019-02-11,3327 ,642 ,1977 ,2870 ,79 ,457 ,5688 ,4903 ,924 ,1139 ,231 ,114 ,1051 ,188 ,95 ,54 ,322 ,162 ,800 ,149 ,199 ,18 ,177 ,1935 ,1449 ,23 ,947 ,11 ,345 ,1877 
2019-02-12,3495 ,727 ,2030 ,3080 ,97 ,503 ,5622 ,5058 ,548 ,1154 ,240 ,117 ,1042 ,204 ,101 ,50 ,305 ,169 ,287 ,117 ,160 ,11 ,170 ,1634 ,1185 ,21 ,307 ,11 ,343 ,1866 
2019-02-13,3578 ,761 ,2094 ,3169 ,101 ,574 ,5826 ,5234 ,562 ,1185 ,249 ,121 ,1052 ,219 ,105 ,53 ,339 ,215 ,306 ,119 ,136 ,10 ,182 ,1543 ,1111 ,21 ,253 ,9 ,337 ,1883 
2019-02-14,3659 ,820 ,2206 ,3267 ,103 ,593 ,5962 ,5581 ,533 ,1220 ,262 ,121 ,1095 ,254 ,113 ,58 ,338 ,210 ,272 ,116 ,116 ,7 ,178 ,1536 ,1128 ,22 ,225 ,9 ,338 ,1898 
2019-02-15,3856 ,858 ,2117 ,3452 ,132 ,569 ,5666 ,5287 ,490 ,1240 ,246 ,116 ,1157 ,225 ,123 ,56 ,361 ,189 ,667 ,113 ,108 ,7 ,149 ,1604 ,1151 ,21 ,615 ,9 ,328 ,1883 
2019-02-16,4046 ,986 ,2405 ,3787 ,200 ,917 ,6827 ,5087 ,436 ,1428 ,402 ,165 ,1677 ,337 ,216 ,54 ,583 ,230 ,309 ,109 ,75 ,8 ,163 ,1151 ,967 ,17 ,250 ,4 ,381 ,2060 
2019-02-17,3438 ,868 ,2156 ,3254 ,157 ,874 ,6303 ,4621 ,494 ,1114 ,354 ,123 ,1571 ,287 ,195 ,56 ,502 ,125 ,170 ,41 ,39 ,4 ,125 ,137 ,255 ,9 ,198 ,0 ,227 ,1782 
2019-02-18,3357 ,656 ,1973 ,2926 ,86 ,447 ,6020 ,5077 ,809 ,1356 ,228 ,112 ,1076 ,185 ,106 ,55 ,321 ,128 ,323 ,128 ,133 ,433 ,159 ,1899 ,1403 ,23 ,239 ,11 ,353 ,1894 
2019-02-19,3280 ,700 ,1951 ,2958 ,102 ,433 ,5330 ,5035 ,491 ,1157 ,202 ,100 ,1028 ,173 ,102 ,53 ,289 ,116 ,263 ,104 ,117 ,267 ,143 ,1502 ,1062 ,20 ,227 ,9 ,299 ,1601 
2019-02-20,3587 ,780 ,2075 ,3208 ,103 ,500 ,5621 ,5212 ,647 ,1215 ,250 ,119 ,1122 ,218 ,104 ,52 ,347 ,141 ,617 ,128 ,123 ,185 ,223 ,1535 ,1102 ,21 ,585 ,9 ,355 ,1901 
2019-02-21,3671 ,810 ,2119 ,3304 ,107 ,519 ,5664 ,5311 ,481 ,1218 ,263 ,122 ,1132 ,240 ,112 ,57 ,354 ,152 ,287 ,126 ,116 ,126 ,169 ,1524 ,1117 ,22 ,252 ,9 ,361 ,1919 
2019-02-22,3976 ,888 ,2249 ,3634 ,136 ,605 ,6020 ,5549 ,443 ,1340 ,287 ,132 ,1253 ,263 ,127 ,54 ,401 ,161 ,295 ,200 ,123 ,84 ,167 ,1649 ,1205 ,22 ,248 ,10 ,382 ,2016 
2019-02-23,4169 ,1025 ,2494 ,3993 ,205 ,927 ,7189 ,5468 ,414 ,1505 ,441 ,177 ,1709 ,373 ,216 ,54 ,609 ,170 ,337 ,123 ,90 ,11 ,177 ,1134 ,970 ,19 ,255 ,4 ,410 ,2103 
2019-02-24,3645 ,924 ,2291 ,3507 ,160 ,966 ,5194 ,5094 ,511 ,1252 ,403 ,132 ,1611 ,346 ,194 ,59 ,505 ,129 ,178 ,52 ,48 ,8 ,148 ,129 ,234 ,7 ,205 ,0 ,250 ,1795 
2019-02-25,3586 ,729 ,2099 ,3138 ,86 ,501 ,6111 ,5302 ,829 ,1276 ,259 ,128 ,1174 ,221 ,119 ,56 ,355 ,163 ,1284 ,172 ,170 ,54 ,176 ,1935 ,1432 ,24 ,289 ,11 ,377 ,1895 
2019-02-26,3728 ,801 ,2192 ,3367 ,102 ,525 ,5993 ,5421 ,1243 ,1283 ,272 ,130 ,1206 ,228 ,117 ,52 ,333 ,157 ,311 ,132 ,171 ,35 ,181 ,1662 ,1184 ,25 ,266 ,10 ,374 ,1893 
2019-02-27,3787 ,826 ,2208 ,3436 ,106 ,559 ,5811 ,5540 ,648 ,1296 ,274 ,134 ,1249 ,226 ,116 ,54 ,378 ,164 ,333 ,134 ,181 ,27 ,192 ,1612 ,1145 ,23 ,231 ,10 ,371 ,1870 
2019-02-28,4080 ,895 ,2326 ,3766 ,137 ,596 ,6272 ,5745 ,1136 ,1389 ,303 ,146 ,1365 ,259 ,133 ,62 ,415 ,177 ,385 ,135 ,214 ,33 ,203 ,1725 ,1278 ,25 ,261 ,10 ,394 ,2094 
2019-03-01,4229 ,1005 ,2333 ,3986 ,198 ,1017 ,7272 ,5416 ,533 ,1530 ,494 ,175 ,1781 ,406 ,227 ,62 ,590 ,181 ,257 ,112 ,65 ,0 ,202 ,220 ,397 ,10 ,230 ,4 ,309 ,2016 
2019-03-02,4211 ,971 ,2435 ,4000 ,185 ,991 ,7637 ,5405 ,529 ,1588 ,491 ,192 ,1799 ,425 ,215 ,49 ,644 ,188 ,341 ,120 ,126 ,0 ,254 ,1202 ,1108 ,18 ,258 ,4 ,380 ,1975 
2019-03-03,3552 ,858 ,2208 ,3390 ,154 ,936 ,7280 ,5035 ,567 ,1196 ,420 ,152 ,1545 ,370 ,162 ,50 ,571 ,156 ,181 ,46 ,69 ,1 ,305 ,140 ,287 ,5 ,208 ,0 ,225 ,1759 
2019-03-04,3664 ,725 ,2075 ,3220 ,83 ,322 ,6575 ,5622 ,792 ,1333 ,256 ,126 ,1281 ,223 ,78 ,58 ,347 ,140 ,405 ,146 ,329 ,37 ,600 ,1914 ,1545 ,23 ,267 ,12 ,384 ,1831 
2019-03-05,3613 ,704 ,2014 ,3220 ,94 ,452 ,6260 ,5669 ,1112 ,1344 ,237 ,111 ,1227 ,194 ,81 ,47 ,288 ,145 ,728 ,134 ,240 ,38 ,482 ,1553 ,1318 ,22 ,286 ,11 ,349 ,1798 
2019-03-06,3679 ,735 ,2063 ,3313 ,98 ,473 ,6214 ,5668 ,633 ,1364 ,247 ,116 ,1298 ,194 ,86 ,49 ,323 ,144 ,371 ,127 ,195 ,22 ,364 ,1468 ,1193 ,21 ,264 ,10 ,344 ,1790 
2019-03-07,3766 ,769 ,2151 ,3462 ,102 ,492 ,6262 ,5684 ,839 ,1400 ,271 ,119 ,1255 ,207 ,86 ,48 ,330 ,157 ,351 ,132 ,158 ,15 ,296 ,1468 ,1126 ,21 ,257 ,11 ,354 ,1858 
2019-03-08,4074 ,860 ,2343 ,3896 ,135 ,626 ,6512 ,5879 ,591 ,1506 ,314 ,139 ,1325 ,250 ,102 ,54 ,384 ,174 ,348 ,135 ,149 ,10 ,233 ,1604 ,1191 ,22 ,336 ,11 ,376 ,2009 
2019-03-09,4338 ,1051 ,2621 ,4222 ,209 ,1029 ,7982 ,5721 ,482 ,1623 ,518 ,199 ,1905 ,421 ,178 ,48 ,615 ,196 ,435 ,131 ,121 ,1 ,252 ,1227 ,1041 ,18 ,275 ,5 ,422 ,2102 
2019-03-10,3527 ,896 ,2317 ,3440 ,164 ,1017 ,5572 ,5184 ,540 ,1243 ,406 ,136 ,1660 ,337 ,159 ,51 ,531 ,139 ,171 ,45 ,59 ,1 ,232 ,145 ,260 ,7 ,213 ,0 ,226 ,1628 
2019-03-11,3558 ,645 ,2037 ,3147 ,83 ,422 ,6155 ,5612 ,1046 ,1386 ,232 ,114 ,1164 ,190 ,82 ,52 ,308 ,136 ,909 ,163 ,156 ,20 ,300 ,1903 ,1440 ,22 ,1004 ,9 ,355 ,1844 
2019-03-12,3657 ,703 ,2076 ,3263 ,93 ,464 ,5955 ,5636 ,479 ,1366 ,220 ,106 ,1066 ,183 ,84 ,46 ,282 ,125 ,317 ,125 ,131 ,14 ,254 ,1598 ,1187 ,21 ,378 ,6 ,334 ,1845 
2019-03-13,3764 ,758 ,2208 ,3440 ,99 ,515 ,6011 ,5829 ,491 ,1430 ,235 ,113 ,1057 ,203 ,90 ,50 ,328 ,152 ,331 ,128 ,118 ,11 ,258 ,1523 ,1131 ,19 ,344 ,9 ,345 ,1932 
2019-03-14,3827 ,787 ,2357 ,3547 ,104 ,540 ,6380 ,6358 ,454 ,1444 ,255 ,121 ,1034 ,264 ,97 ,54 ,327 ,185 ,300 ,126 ,103 ,104 ,234 ,1514 ,1167 ,21 ,267 ,9 ,339 ,1906 
2019-03-15,3958 ,825 ,2192 ,3657 ,133 ,580 ,6110 ,5881 ,449 ,1428 ,260 ,122 ,1138 ,221 ,107 ,51 ,373 ,163 ,691 ,127 ,103 ,95 ,185 ,1628 ,1209 ,21 ,623 ,9 ,350 ,1950 
2019-03-16,4284 ,1021 ,2597 ,4116 ,204 ,970 ,7545 ,5577 ,424 ,1616 ,474 ,195 ,1732 ,421 ,187 ,50 ,623 ,221 ,356 ,126 ,89 ,9 ,203 ,1259 ,1092 ,17 ,271 ,4 ,414 ,2171 
2019-03-17,3665 ,927 ,2342 ,3589 ,162 ,924 ,6943 ,5144 ,474 ,1237 ,409 ,146 ,1566 ,375 ,163 ,55 ,527 ,136 ,184 ,51 ,47 ,8 ,170 ,168 ,302 ,9 ,211 ,1 ,253 ,1868 
2019-03-18,3617 ,652 ,2079 ,3247 ,84 ,312 ,6000 ,5647 ,826 ,1426 ,249 ,118 ,1018 ,202 ,87 ,52 ,324 ,135 ,367 ,144 ,128 ,268 ,225 ,2017 ,1573 ,22 ,278 ,11 ,362 ,1903 
2019-03-19,3762 ,728 ,2155 ,3523 ,98 ,468 ,6072 ,5875 ,535 ,1438 ,267 ,118 ,984 ,213 ,89 ,43 ,300 ,133 ,322 ,137 ,113 ,187 ,210 ,1688 ,1289 ,22 ,272 ,11 ,349 ,1852 
2019-03-20,3659 ,719 ,1966 ,3298 ,105 ,446 ,5544 ,5750 ,675 ,1320 ,215 ,103 ,975 ,174 ,90 ,46 ,306 ,115 ,603 ,126 ,107 ,130 ,250 ,1527 ,1137 ,19 ,621 ,10 ,324 ,1709 
2019-03-21,3810 ,763 ,2178 ,3516 ,106 ,486 ,6102 ,5793 ,572 ,1444 ,259 ,116 ,1028 ,202 ,90 ,54 ,334 ,133 ,316 ,128 ,107 ,85 ,198 ,1591 ,1240 ,21 ,261 ,9 ,351 ,1872 
2019-03-22,4084 ,844 ,2330 ,3890 ,135 ,608 ,6390 ,5876 ,505 ,1550 ,290 ,131 ,1158 ,235 ,109 ,55 ,393 ,147 ,322 ,209 ,112 ,60 ,179 ,1739 ,1326 ,22 ,267 ,10 ,370 ,2059 
2019-03-23,4203 ,994 ,2533 ,4006 ,204 ,964 ,7487 ,5506 ,458 ,1588 ,434 ,175 ,1687 ,367 ,186 ,49 ,619 ,158 ,380 ,120 ,92 ,7 ,183 ,1290 ,1126 ,17 ,262 ,4 ,387 ,2082 
2019-03-24,3748 ,927 ,2392 ,3633 ,157 ,981 ,5413 ,5206 ,522 ,1345 ,416 ,135 ,1571 ,374 ,163 ,53 ,537 ,130 ,176 ,56 ,53 ,7 ,164 ,167 ,291 ,8 ,210 ,2 ,252 ,1893 
2019-03-25,3656 ,660 ,2121 ,3245 ,83 ,422 ,6296 ,5674 ,871 ,1465 ,236 ,120 ,995 ,197 ,86 ,51 ,321 ,137 ,1293 ,179 ,157 ,52 ,208 ,2085 ,1666 ,24 ,334 ,10 ,362 ,1927 
2019-03-26,3768 ,736 ,2179 ,3606 ,98 ,473 ,6267 ,5973 ,966 ,1499 ,264 ,120 ,948 ,216 ,86 ,45 ,298 ,146 ,318 ,139 ,149 ,33 ,202 ,1722 ,1328 ,23 ,309 ,11 ,357 ,1888 
2019-03-27,3831 ,761 ,2180 ,3557 ,103 ,487 ,5898 ,5952 ,682 ,1473 ,259 ,119 ,1034 ,211 ,92 ,47 ,338 ,142 ,335 ,136 ,150 ,21 ,198 ,1626 ,1255 ,24 ,266 ,11 ,352 ,1863 
2019-03-28,3895 ,780 ,2206 ,3631 ,111 ,504 ,6225 ,5975 ,818 ,1496 ,281 ,124 ,1005 ,224 ,97 ,49 ,341 ,145 ,328 ,136 ,145 ,18 ,194 ,1621 ,1279 ,25 ,267 ,10 ,354 ,1896 
2019-03-29,4195 ,867 ,2382 ,4032 ,141 ,635 ,6541 ,6170 ,466 ,1602 ,322 ,141 ,1171 ,271 ,113 ,48 ,400 ,163 ,358 ,142 ,165 ,18 ,182 ,1754 ,1361 ,23 ,280 ,11 ,383 ,2062 
2019-03-30,4277 ,985 ,2538 ,4024 ,207 ,984 ,7348 ,5554 ,455 ,1592 ,439 ,173 ,1659 ,388 ,195 ,48 ,627 ,148 ,349 ,119 ,124 ,1 ,176 ,1284 ,1123 ,17 ,262 ,4 ,387 ,2079 
2019-03-31,3676 ,892 ,2379 ,3506 ,155 ,965 ,6920 ,5000 ,505 ,1229 ,386 ,135 ,1521 ,353 ,163 ,52 ,536 ,119 ,180 ,45 ,73 ,1 ,150 ,175 ,320 ,9 ,210 ,0 ,237 ,1936 
2019-04-01,3667 ,654 ,2105 ,3251 ,84 ,442 ,6164 ,5683 ,1335 ,1458 ,232 ,116 ,1029 ,202 ,88 ,53 ,328 ,162 ,368 ,145 ,254 ,52 ,207 ,2066 ,1646 ,22 ,437 ,11 ,374 ,1989 
2019-04-02,3797 ,725 ,2167 ,3487 ,97 ,465 ,6138 ,5835 ,757 ,1493 ,248 ,117 ,950 ,210 ,88 ,44 ,300 ,135 ,311 ,135 ,208 ,34 ,204 ,1729 ,1338 ,19 ,304 ,11 ,355 ,1941 
2019-04-03,3865 ,756 ,2213 ,3582 ,100 ,491 ,6283 ,5899 ,624 ,1490 ,265 ,123 ,972 ,220 ,93 ,48 ,341 ,141 ,341 ,136 ,180 ,21 ,204 ,1649 ,1273 ,21 ,290 ,11 ,358 ,1935 
2019-04-04,3895 ,770 ,2186 ,3641 ,103 ,497 ,6244 ,5974 ,559 ,1523 ,277 ,121 ,955 ,228 ,93 ,50 ,345 ,163 ,305 ,137 ,150 ,15 ,198 ,1634 ,1294 ,21 ,273 ,9 ,359 ,1938 
2019-04-05,4141 ,855 ,2384 ,3998 ,135 ,618 ,6568 ,6161 ,955 ,1631 ,312 ,141 ,1094 ,258 ,112 ,51 ,400 ,161 ,696 ,141 ,145 ,13 ,194 ,1760 ,1385 ,21 ,318 ,9 ,380 ,2078 
2019-04-06,4390 ,998 ,2604 ,4259 ,208 ,948 ,7465 ,5920 ,473 ,1702 ,461 ,187 ,1598 ,406 ,191 ,53 ,615 ,173 ,349 ,128 ,119 ,1 ,184 ,1276 ,1139 ,18 ,264 ,4 ,398 ,2153 
2019-04-07,3802 ,934 ,2426 ,3830 ,160 ,943 ,6857 ,5565 ,532 ,1319 ,421 ,146 ,1434 ,382 ,160 ,52 ,526 ,122 ,178 ,59 ,67 ,1 ,149 ,182 ,323 ,7 ,225 ,1 ,272 ,1956 
2019-04-08,3714 ,668 ,2146 ,3396 ,83 ,445 ,6290 ,5942 ,875 ,1508 ,260 ,123 ,936 ,221 ,88 ,53 ,331 ,146 ,360 ,145 ,150 ,11 ,204 ,2124 ,1685 ,21 ,358 ,11 ,381 ,1968 
2019-04-09,3649 ,689 ,1976 ,3248 ,94 ,446 ,5613 ,5744 ,555 ,1359 ,211 ,97 ,842 ,173 ,90 ,44 ,270 ,116 ,288 ,123 ,119 ,7 ,181 ,1705 ,1266 ,20 ,264 ,10 ,323 ,1747 
2019-04-10,3854 ,755 ,2190 ,3496 ,104 ,481 ,5975 ,5887 ,698 ,1489 ,243 ,116 ,927 ,201 ,90 ,53 ,327 ,155 ,951 ,150 ,116 ,7 ,208 ,1634 ,1259 ,20 ,1004 ,9 ,342 ,1852 
2019-04-11,3944 ,793 ,2305 ,3728 ,111 ,504 ,6333 ,6124 ,859 ,1550 ,291 ,131 ,970 ,235 ,95 ,57 ,340 ,191 ,320 ,133 ,108 ,6 ,200 ,1639 ,1294 ,21 ,298 ,11 ,361 ,1948 
2019-04-12,4239 ,888 ,2457 ,4144 ,140 ,653 ,6681 ,6329 ,497 ,1662 ,338 ,150 ,1138 ,283 ,117 ,53 ,412 ,200 ,332 ,142 ,103 ,92 ,189 ,1797 ,1395 ,21 ,286 ,10 ,398 ,2119 
2019-04-13,4557 ,1043 ,2779 ,4586 ,202 ,953 ,7715 ,6290 ,462 ,1781 ,512 ,201 ,1565 ,457 ,194 ,56 ,601 ,222 ,374 ,138 ,91 ,9 ,195 ,1262 ,1129 ,17 ,268 ,7 ,424 ,2220 
2019-04-14,3637 ,916 ,2381 ,3557 ,164 ,964 ,5426 ,5378 ,542 ,1305 ,377 ,124 ,1399 ,341 ,166 ,57 ,527 ,132 ,168 ,43 ,53 ,7 ,150 ,176 ,295 ,5 ,208 ,0 ,229 ,1743 
2019-04-15,3796 ,683 ,2221 ,3522 ,87 ,145 ,6540 ,6100 ,637 ,1565 ,279 ,125 ,970 ,238 ,88 ,57 ,335 ,145 ,770 ,153 ,122 ,247 ,210 ,2153 ,1718 ,22 ,656 ,11 ,384 ,2009 
2019-04-16,3872 ,743 ,2253 ,3734 ,100 ,507 ,6389 ,6351 ,498 ,1543 ,285 ,123 ,949 ,237 ,90 ,48 ,297 ,137 ,336 ,138 ,104 ,195 ,200 ,1772 ,1376 ,21 ,307 ,11 ,366 ,1910 
2019-04-17,3944 ,768 ,2292 ,3836 ,103 ,512 ,6621 ,6437 ,504 ,1564 ,308 ,127 ,949 ,248 ,93 ,51 ,345 ,143 ,384 ,142 ,100 ,138 ,202 ,1682 ,1308 ,22 ,290 ,10 ,372 ,1899 
2019-04-18,3895 ,759 ,2207 ,3649 ,106 ,484 ,6290 ,6256 ,746 ,1513 ,290 ,117 ,958 ,231 ,97 ,54 ,331 ,133 ,317 ,134 ,96 ,101 ,190 ,1633 ,1291 ,20 ,282 ,9 ,349 ,1883 
2019-04-19,4182 ,861 ,2409 ,4054 ,139 ,608 ,6682 ,6412 ,537 ,1646 ,335 ,137 ,1081 ,271 ,112 ,53 ,394 ,149 ,327 ,141 ,100 ,77 ,188 ,1779 ,1386 ,20 ,304 ,10 ,383 ,2064 
2019-04-20,4485 ,1030 ,2743 ,4533 ,205 ,942 ,7704 ,6394 ,450 ,1757 ,515 ,199 ,1566 ,478 ,190 ,55 ,600 ,159 ,380 ,141 ,90 ,9 ,196 ,1266 ,1131 ,17 ,273 ,6 ,434 ,2198 
2019-04-21,3788 ,899 ,2443 ,3844 ,163 ,894 ,7020 ,5813 ,502 ,1325 ,427 ,135 ,1371 ,404 ,165 ,58 ,493 ,123 ,187 ,53 ,55 ,7 ,145 ,181 ,321 ,8 ,218 ,1 ,254 ,1860 
2019-04-22,3727 ,668 ,2228 ,3613 ,84 ,446 ,6467 ,6477 ,768 ,1580 ,302 ,122 ,966 ,245 ,90 ,55 ,329 ,133 ,681 ,230 ,126 ,67 ,257 ,2126 ,1673 ,23 ,658 ,11 ,387 ,1963 
2019-04-23,3779 ,723 ,2167 ,3589 ,103 ,464 ,6245 ,6383 ,729 ,1491 ,285 ,113 ,929 ,219 ,90 ,52 ,285 ,122 ,320 ,134 ,119 ,45 ,182 ,1738 ,1335 ,23 ,278 ,11 ,352 ,1846 
2019-04-24,3897 ,778 ,2293 ,3801 ,105 ,515 ,6308 ,6455 ,656 ,1568 ,330 ,125 ,1236 ,243 ,91 ,48 ,345 ,141 ,393 ,134 ,118 ,32 ,185 ,1661 ,1265 ,23 ,277 ,11 ,377 ,1873 
2019-04-25,3837 ,763 ,2097 ,3464 ,116 ,506 ,5968 ,6034 ,751 ,1414 ,266 ,111 ,1174 ,198 ,99 ,52 ,308 ,126 ,1266 ,154 ,126 ,30 ,166 ,1557 ,1192 ,23 ,320 ,10 ,345 ,1812 
2019-04-26,4125 ,852 ,2309 ,3792 ,145 ,674 ,6405 ,6045 ,1276 ,1548 ,308 ,133 ,1370 ,242 ,114 ,51 ,380 ,149 ,346 ,125 ,137 ,21 ,165 ,1696 ,1306 ,24 ,289 ,9 ,367 ,2031 
2019-04-27,4538 ,1067 ,2748 ,4564 ,210 ,1030 ,7914 ,6270 ,493 ,1832 ,567 ,213 ,1930 ,487 ,194 ,53 ,596 ,176 ,468 ,139 ,104 ,1 ,184 ,1200 ,1094 ,18 ,260 ,5 ,447 ,2316 
2019-04-28,3875 ,939 ,2448 ,3825 ,172 ,1022 ,5586 ,5734 ,555 ,1453 ,463 ,141 ,1728 ,414 ,167 ,53 ,481 ,130 ,198 ,55 ,58 ,1 ,143 ,162 ,290 ,8 ,209 ,1 ,273 ,1887 
2019-04-29,3740 ,687 ,2112 ,3335 ,93 ,468 ,6323 ,5954 ,729 ,1449 ,243 ,118 ,1115 ,203 ,91 ,47 ,301 ,142 ,366 ,136 ,176 ,20 ,181 ,2076 ,1627 ,24 ,276 ,11 ,366 ,1920 
2019-04-30,4170 ,831 ,2329 ,3992 ,136 ,551 ,6733 ,6481 ,1178 ,1605 ,327 ,140 ,1242 ,270 ,102 ,48 ,307 ,160 ,409 ,146 ,184 ,19 ,188 ,1777 ,1354 ,24 ,301 ,11 ,396 ,2101 
2019-05-01,4410 ,998 ,2491 ,4211 ,158 ,914 ,7201 ,6045 ,624 ,1628 ,515 ,184 ,1650 ,430 ,132 ,52 ,500 ,164 ,385 ,141 ,186 ,10 ,197 ,1288 ,1135 ,21 ,256 ,4 ,389 ,1979 
2019-05-02,3904 ,785 ,2253 ,3804 ,102 ,570 ,6648 ,6318 ,808 ,1558 ,364 ,147 ,1186 ,282 ,103 ,48 ,354 ,149 ,383 ,146 ,181 ,53 ,194 ,1741 ,1384 ,21 ,331 ,11 ,381 ,1995 
2019-05-03,4228 ,895 ,2430 ,4262 ,136 ,722 ,6996 ,6570 ,543 ,1698 ,425 ,168 ,1347 ,361 ,120 ,50 ,415 ,162 ,364 ,150 ,159 ,31 ,186 ,1852 ,1456 ,21 ,448 ,11 ,409 ,2249 
2019-05-04,4519 ,1013 ,2608 ,4595 ,195 ,1105 ,7970 ,6462 ,478 ,1905 ,612 ,214 ,1765 ,650 ,212 ,54 ,541 ,164 ,371 ,137 ,92 ,3 ,181 ,1212 ,1132 ,17 ,339 ,6 ,408 ,2471 
2019-05-05,4300 ,1006 ,2469 ,4343 ,179 ,1126 ,7427 ,6040 ,501 ,1626 ,576 ,172 ,1827 ,674 ,226 ,54 ,384 ,130 ,229 ,59 ,49 ,1 ,147 ,150 ,308 ,8 ,215 ,2 ,254 ,2121 
2019-05-06,4050 ,904 ,2335 ,3824 ,128 ,982 ,7005 ,5385 ,569 ,1478 ,508 ,165 ,1586 ,542 ,160 ,47 ,467 ,138 ,259 ,123 ,52 ,2 ,161 ,667 ,729 ,11 ,215 ,4 ,337 ,2974 
2019-05-07,3780 ,702 ,2153 ,3524 ,85 ,538 ,6497 ,6074 ,973 ,1536 ,309 ,131 ,996 ,517 ,91 ,49 ,301 ,152 ,764 ,150 ,204 ,23 ,232 ,2098 ,1694 ,23 ,328 ,11 ,381 ,1945 
2019-05-08,4190 ,796 ,2268 ,3656 ,89 ,561 ,6141 ,6132 ,796 ,1586 ,305 ,131 ,889 ,585 ,88 ,45 ,315 ,166 ,369 ,138 ,182 ,16 ,211 ,1706 ,1335 ,21 ,351 ,10 ,353 ,1842 
2019-05-09,3778 ,752 ,2153 ,3659 ,101 ,506 ,6281 ,6192 ,496 ,1491 ,324 ,130 ,976 ,253 ,91 ,49 ,326 ,174 ,322 ,136 ,141 ,11 ,178 ,1657 ,1293 ,20 ,276 ,11 ,356 ,1842 
2019-05-10,4092 ,857 ,2322 ,4130 ,137 ,635 ,6610 ,6522 ,695 ,1599 ,375 ,151 ,1143 ,291 ,107 ,50 ,382 ,189 ,999 ,165 ,136 ,10 ,180 ,1780 ,1383 ,21 ,1032 ,10 ,385 ,1999 
2019-05-11,4382 ,1008 ,2647 ,4532 ,202 ,1012 ,7907 ,6529 ,786 ,1750 ,581 ,211 ,1661 ,482 ,183 ,50 ,568 ,208 ,377 ,135 ,97 ,1 ,172 ,1271 ,1132 ,22 ,283 ,7 ,430 ,2134 
2019-05-12,3767 ,901 ,2421 ,3927 ,164 ,1041 ,5722 ,6111 ,531 ,1417 ,516 ,155 ,1507 ,429 ,165 ,54 ,460 ,138 ,183 ,53 ,57 ,1 ,141 ,157 ,286 ,13 ,213 ,1 ,257 ,1875 
2019-05-13,3626 ,652 ,2053 ,3378 ,87 ,467 ,6475 ,6165 ,632 ,1502 ,292 ,126 ,966 ,240 ,88 ,52 ,309 ,145 ,366 ,146 ,144 ,8 ,194 ,2079 ,1649 ,22 ,291 ,11 ,364 ,1874 
2019-05-14,3767 ,734 ,2202 ,3756 ,98 ,557 ,6591 ,6475 ,615 ,1545 ,334 ,134 ,951 ,396 ,92 ,48 ,286 ,143 ,330 ,141 ,124 ,7 ,220 ,1730 ,1315 ,21 ,290 ,11 ,363 ,1929 
2019-05-15,3862 ,779 ,2281 ,3842 ,107 ,572 ,6559 ,6573 ,636 ,1523 ,360 ,142 ,1052 ,315 ,96 ,52 ,339 ,198 ,777 ,143 ,113 ,141 ,189 ,1630 ,1227 ,21 ,641 ,10 ,368 ,1941 
2019-05-16,3848 ,779 ,2178 ,3876 ,110 ,542 ,6611 ,6741 ,813 ,1565 ,374 ,140 ,1022 ,259 ,99 ,51 ,337 ,183 ,323 ,143 ,100 ,101 ,178 ,1598 ,1228 ,21 ,312 ,11 ,367 ,1968 
2019-05-17,4109 ,857 ,2298 ,4153 ,141 ,655 ,6812 ,6814 ,538 ,1641 ,391 ,150 ,1192 ,284 ,112 ,55 ,389 ,184 ,339 ,142 ,96 ,242 ,166 ,1720 ,1309 ,22 ,285 ,10 ,383 ,2093 
2019-05-18,4289 ,999 ,2554 ,4382 ,210 ,1014 ,7749 ,6339 ,469 ,1702 ,557 ,196 ,1677 ,430 ,190 ,53 ,572 ,201 ,354 ,125 ,87 ,24 ,161 ,1209 ,1046 ,17 ,268 ,4 ,400 ,2050 
2019-05-19,3486 ,844 ,2156 ,3409 ,172 ,969 ,6623 ,5289 ,511 ,1154 ,401 ,123 ,1505 ,326 ,169 ,56 ,460 ,106 ,175 ,40 ,50 ,20 ,115 ,158 ,269 ,8 ,205 ,0 ,210 ,1678 
2019-05-20,3688 ,681 ,2113 ,3434 ,89 ,361 ,6423 ,6014 ,1080 ,1539 ,302 ,128 ,1028 ,242 ,89 ,51 ,315 ,135 ,676 ,149 ,139 ,193 ,243 ,2018 ,1547 ,23 ,647 ,12 ,365 ,1972 
2019-05-21,3846 ,749 ,2162 ,3713 ,101 ,498 ,6372 ,6303 ,702 ,1529 ,311 ,126 ,992 ,247 ,92 ,46 ,282 ,129 ,336 ,141 ,123 ,117 ,182 ,1675 ,1256 ,21 ,288 ,11 ,352 ,1958 
2019-05-22,3856 ,770 ,2172 ,3788 ,106 ,490 ,6175 ,6462 ,706 ,1544 ,319 ,131 ,987 ,232 ,96 ,55 ,320 ,135 ,364 ,215 ,118 ,74 ,181 ,1595 ,1204 ,21 ,281 ,10 ,350 ,1954 
2019-05-23,3875 ,780 ,2196 ,3879 ,108 ,510 ,6494 ,6653 ,785 ,1565 ,335 ,134 ,1008 ,244 ,98 ,57 ,327 ,136 ,317 ,138 ,109 ,50 ,179 ,1585 ,1223 ,21 ,301 ,11 ,353 ,1993 
2019-05-24,4142 ,879 ,2373 ,4287 ,138 ,712 ,6930 ,6980 ,618 ,1669 ,387 ,154 ,1175 ,279 ,112 ,58 ,388 ,158 ,325 ,143 ,123 ,43 ,167 ,1712 ,1300 ,22 ,306 ,10 ,384 ,2185 
2019-05-25,4416 ,1043 ,2671 ,4661 ,204 ,1072 ,8109 ,6838 ,626 ,1797 ,584 ,211 ,1710 ,457 ,199 ,64 ,580 ,174 ,370 ,139 ,99 ,5 ,169 ,1192 ,1053 ,17 ,273 ,6 ,418 ,2269 
2019-05-26,3886 ,949 ,2456 ,4064 ,166 ,1109 ,5872 ,6385 ,594 ,1486 ,510 ,155 ,1583 ,403 ,172 ,66 ,458 ,133 ,184 ,59 ,59 ,5 ,140 ,155 ,270 ,8 ,221 ,2 ,260 ,1942 
2019-05-27,3559 ,660 ,1964 ,3108 ,96 ,302 ,6129 ,5830 ,1413 ,1386 ,216 ,101 ,930 ,172 ,92 ,50 ,288 ,140 ,1247 ,149 ,150 ,36 ,160 ,1934 ,1466 ,23 ,362 ,10 ,333 ,1774 
2019-05-28,3838 ,762 ,2207 ,3766 ,102 ,530 ,6621 ,6425 ,683 ,1600 ,318 ,131 ,1011 ,235 ,91 ,46 ,277 ,148 ,354 ,147 ,156 ,25 ,190 ,1717 ,1286 ,25 ,292 ,11 ,363 ,2004 
2019-05-29,3893 ,790 ,2214 ,3856 ,106 ,533 ,6520 ,6585 ,801 ,1582 ,323 ,133 ,1047 ,232 ,93 ,47 ,326 ,143 ,364 ,143 ,146 ,17 ,186 ,1595 ,1198 ,23 ,293 ,11 ,359 ,1987 
2019-05-30,3910 ,796 ,2170 ,3792 ,112 ,552 ,6515 ,6523 ,478 ,1553 ,319 ,127 ,1103 ,229 ,95 ,47 ,318 ,141 ,324 ,139 ,135 ,16 ,178 ,1592 ,1222 ,24 ,294 ,11 ,353 ,1970 
2019-05-31,4188 ,892 ,2419 ,4183 ,140 ,654 ,6899 ,6669 ,1110 ,1701 ,359 ,154 ,1303 ,273 ,110 ,51 ,371 ,162 ,354 ,145 ,157 ,14 ,172 ,1708 ,1288 ,23 ,297 ,10 ,386 ,2171 
2019-06-01,4420 ,1029 ,2652 ,4547 ,207 ,982 ,7964 ,6518 ,450 ,1830 ,571 ,209 ,1844 ,436 ,191 ,56 ,569 ,162 ,350 ,142 ,136 ,6 ,177 ,1197 ,1055 ,17 ,264 ,5 ,420 ,2247 
2019-06-02,3740 ,905 ,2392 ,3898 ,154 ,949 ,7393 ,6047 ,510 ,1407 ,477 ,151 ,1630 ,371 ,166 ,58 ,450 ,120 ,185 ,61 ,77 ,1 ,136 ,157 ,293 ,7 ,206 ,0 ,256 ,1923 
2019-06-03,3617 ,670 ,2152 ,3537 ,85 ,451 ,6672 ,6541 ,863 ,1570 ,279 ,123 ,1082 ,211 ,90 ,53 ,308 ,132 ,381 ,147 ,248 ,73 ,198 ,2003 ,1561 ,24 ,430 ,11 ,367 ,1996 
2019-06-04,3783 ,747 ,2156 ,3779 ,96 ,493 ,6628 ,6654 ,552 ,1555 ,304 ,124 ,1074 ,219 ,91 ,50 ,285 ,148 ,323 ,142 ,197 ,39 ,187 ,1678 ,1248 ,20 ,395 ,11 ,356 ,1980 
2019-06-05,4041 ,832 ,2281 ,4109 ,129 ,528 ,6969 ,6902 ,1145 ,1641 ,326 ,132 ,1179 ,237 ,106 ,60 ,334 ,166 ,739 ,141 ,176 ,24 ,192 ,1663 ,1241 ,21 ,355 ,10 ,363 ,2081 
2019-06-06,4058 ,943 ,2227 ,3902 ,176 ,963 ,6858 ,5752 ,506 ,1506 ,470 ,150 ,1785 ,351 ,192 ,64 ,448 ,142 ,210 ,114 ,67 ,3 ,152 ,235 ,368 ,10 ,234 ,4 ,287 ,1913 
2019-06-07,4052 ,859 ,2362 ,3971 ,124 ,689 ,6911 ,6108 ,486 ,1597 ,346 ,141 ,1425 ,281 ,156 ,52 ,403 ,154 ,353 ,131 ,154 ,16 ,180 ,1980 ,1501 ,23 ,301 ,11 ,399 ,1933 
2019-06-08,4338 ,972 ,2608 ,4535 ,195 ,926 ,7865 ,6495 ,438 ,1805 ,499 ,188 ,1803 ,424 ,204 ,54 ,509 ,173 ,343 ,139 ,109 ,1 ,173 ,1125 ,988 ,17 ,282 ,7 ,401 ,2202 
2019-06-09,3667 ,856 ,2329 ,3753 ,155 ,907 ,5540 ,5902 ,461 ,1402 ,390 ,129 ,1528 ,347 ,164 ,55 ,415 ,122 ,179 ,52 ,63 ,1 ,141 ,149 ,259 ,7 ,216 ,1 ,234 ,1813 
2019-06-10,3663 ,659 ,2106 ,3401 ,86 ,385 ,6546 ,6192 ,685 ,1539 ,262 ,122 ,999 ,210 ,90 ,56 ,299 ,130 ,1090 ,168 ,171 ,14 ,207 ,2003 ,1542 ,23 ,1132 ,11 ,359 ,1917 
2019-06-11,3733 ,736 ,2187 ,3732 ,98 ,468 ,6434 ,6513 ,1000 ,1537 ,280 ,124 ,995 ,211 ,93 ,51 ,272 ,125 ,333 ,138 ,149 ,12 ,192 ,1655 ,1232 ,19 ,308 ,10 ,349 ,1945 
2019-06-12,3822 ,764 ,2214 ,3765 ,100 ,496 ,6234 ,6666 ,569 ,1556 ,296 ,126 ,1005 ,219 ,95 ,54 ,313 ,130 ,350 ,136 ,123 ,9 ,189 ,1566 ,1165 ,21 ,311 ,11 ,351 ,1952 
2019-06-13,3832 ,781 ,2269 ,3843 ,107 ,512 ,6544 ,6732 ,517 ,1574 ,322 ,129 ,1016 ,224 ,100 ,54 ,319 ,151 ,317 ,137 ,113 ,6 ,186 ,1522 ,1173 ,19 ,328 ,10 ,350 ,1996 
2019-06-14,4059 ,852 ,2345 ,4072 ,135 ,595 ,6658 ,6711 ,450 ,1643 ,331 ,137 ,1179 ,248 ,115 ,57 ,356 ,174 ,307 ,133 ,107 ,123 ,178 ,1661 ,1252 ,20 ,311 ,10 ,362 ,2112 
2019-06-15,4325 ,996 ,2686 ,4670 ,192 ,931 ,8098 ,6832 ,456 ,1799 ,496 ,193 ,1711 ,408 ,198 ,54 ,549 ,192 ,343 ,132 ,91 ,13 ,184 ,1167 ,1014 ,17 ,280 ,5 ,402 ,2242 
2019-06-16,3732 ,884 ,2374 ,3984 ,135 ,876 ,7025 ,6218 ,482 ,1351 ,405 ,136 ,1494 ,346 ,170 ,58 ,426 ,134 ,191 ,50 ,51 ,9 ,142 ,148 ,279 ,8 ,225 ,1 ,239 ,1878 
2019-06-17,3659 ,676 ,2159 ,3512 ,89 ,237 ,6497 ,6481 ,609 ,1553 ,291 ,126 ,1042 ,217 ,94 ,58 ,303 ,156 ,772 ,149 ,126 ,118 ,193 ,1978 ,1511 ,22 ,646 ,12 ,361 ,1981 
2019-06-18,3678 ,713 ,2060 ,3470 ,105 ,492 ,6012 ,6292 ,804 ,1445 ,261 ,111 ,996 ,201 ,93 ,49 ,264 ,119 ,296 ,134 ,118 ,255 ,173 ,1629 ,1182 ,22 ,281 ,10 ,336 ,1873 
2019-06-19,3766 ,761 ,2183 ,3661 ,109 ,515 ,6483 ,6487 ,534 ,1521 ,308 ,126 ,1066 ,218 ,98 ,52 ,322 ,130 ,343 ,133 ,113 ,176 ,183 ,1560 ,1154 ,21 ,281 ,10 ,344 ,1927 
2019-06-20,3817 ,792 ,2215 ,3793 ,116 ,547 ,6405 ,6622 ,736 ,1568 ,346 ,135 ,1150 ,233 ,103 ,55 ,328 ,135 ,620 ,143 ,108 ,124 ,237 ,1518 ,1152 ,21 ,636 ,10 ,349 ,1999 
2019-06-21,4067 ,872 ,2324 ,4062 ,144 ,660 ,6751 ,6718 ,524 ,1649 ,370 ,146 ,1289 ,257 ,121 ,57 ,382 ,152 ,324 ,137 ,117 ,89 ,167 ,1659 ,1239 ,21 ,308 ,11 ,370 ,2133 
2019-06-22,4402 ,1038 ,2709 ,4596 ,208 ,987 ,8072 ,6730 ,465 ,1815 ,535 ,201 ,1842 ,424 ,202 ,57 ,561 ,163 ,371 ,134 ,94 ,10 ,180 ,1159 ,1004 ,18 ,264 ,5 ,423 ,2272 
2019-06-23,3828 ,930 ,2436 ,3990 ,167 ,982 ,5786 ,6250 ,505 ,1496 ,455 ,144 ,1689 ,368 ,182 ,61 ,443 ,125 ,189 ,56 ,54 ,9 ,143 ,151 ,261 ,8 ,210 ,1 ,261 ,1933 
2019-06-24,3557 ,681 ,2149 ,3432 ,87 ,455 ,6708 ,6347 ,765 ,1527 ,301 ,132 ,1143 ,217 ,100 ,60 ,313 ,163 ,328 ,228 ,149 ,74 ,169 ,2001 ,1533 ,23 ,275 ,12 ,368 ,2018 
2019-06-25,3695 ,755 ,2205 ,3655 ,99 ,532 ,6561 ,6522 ,782 ,1524 ,317 ,131 ,1103 ,222 ,101 ,56 ,288 ,152 ,1238 ,172 ,157 ,56 ,165 ,1656 ,1223 ,23 ,335 ,11 ,360 ,2001 
2019-06-26,3630 ,771 ,2121 ,3470 ,110 ,530 ,5996 ,6316 ,1050 ,1459 ,295 ,124 ,1124 ,200 ,104 ,55 ,309 ,143 ,310 ,126 ,153 ,36 ,162 ,1532 ,1125 ,23 ,290 ,11 ,335 ,1869 
2019-06-27,3703 ,779 ,2231 ,3661 ,110 ,549 ,6447 ,6422 ,961 ,1493 ,323 ,129 ,1109 ,226 ,104 ,53 ,332 ,157 ,292 ,134 ,149 ,25 ,164 ,1539 ,1161 ,23 ,268 ,11 ,353 ,1948 
2019-06-28,4042 ,873 ,2349 ,4033 ,145 ,663 ,6762 ,6709 ,488 ,1623 ,356 ,145 ,1269 ,255 ,122 ,57 ,376 ,171 ,361 ,140 ,176 ,23 ,166 ,1661 ,1235 ,24 ,290 ,10 ,378 ,2133 
2019-06-29,4128 ,1030 ,2540 ,4181 ,216 ,1007 ,7601 ,6199 ,461 ,1629 ,472 ,176 ,1768 ,385 ,202 ,54 ,552 ,154 ,304 ,113 ,120 ,1 ,161 ,1140 ,970 ,17 ,258 ,3 ,371 ,1998 
2019-06-30,3716 ,946 ,2404 ,3792 ,163 ,986 ,7267 ,5943 ,520 ,1342 ,436 ,145 ,1684 ,380 ,179 ,60 ,456 ,137 ,185 ,53 ,72 ,4 ,135 ,152 ,289 ,8 ,210 ,0 ,244 ,1898 
2019-07-01,3578 ,696 ,2202 ,3388 ,92 ,500 ,6550 ,6314 ,1335 ,1485 ,301 ,129 ,1194 ,222 ,97 ,51 ,321 ,146 ,369 ,149 ,257 ,69 ,185 ,1951 ,1497 ,24 ,379 ,11 ,376 ,2007 
2019-07-02,3727 ,777 ,2255 ,3650 ,101 ,539 ,6575 ,6489 ,852 ,1505 ,321 ,132 ,1274 ,229 ,98 ,52 ,293 ,140 ,310 ,143 ,201 ,38 ,173 ,1650 ,1228 ,22 ,284 ,10 ,363 ,1991 
2019-07-03,3785 ,801 ,2242 ,3653 ,108 ,534 ,6462 ,6442 ,563 ,1473 ,326 ,132 ,1247 ,230 ,99 ,52 ,329 ,134 ,347 ,140 ,170 ,23 ,173 ,1556 ,1165 ,21 ,268 ,10 ,359 ,1970 
2019-07-04,3803 ,817 ,2241 ,3778 ,108 ,566 ,6516 ,6551 ,521 ,1470 ,338 ,136 ,1233 ,231 ,104 ,53 ,333 ,144 ,303 ,137 ,146 ,16 ,166 ,1523 ,1153 ,21 ,263 ,10 ,361 ,2016 
2019-07-05,4079 ,894 ,2423 ,4193 ,143 ,676 ,6889 ,6862 ,917 ,1596 ,368 ,150 ,1422 ,265 ,123 ,57 ,380 ,158 ,693 ,139 ,136 ,13 ,176 ,1658 ,1239 ,21 ,310 ,11 ,386 ,2193 
2019-07-06,4369 ,1036 ,2684 ,4543 ,206 ,1078 ,8003 ,6783 ,478 ,1759 ,535 ,200 ,1982 ,412 ,217 ,57 ,570 ,170 ,318 ,133 ,91 ,1 ,164 ,1169 ,1003 ,17 ,268 ,8 ,430 ,2295 
2019-07-07,3735 ,909 ,2393 ,3821 ,165 ,996 ,7125 ,5955 ,510 ,1346 ,439 ,145 ,1766 ,354 ,188 ,59 ,444 ,121 ,181 ,50 ,50 ,1 ,127 ,158 ,287 ,7 ,208 ,0 ,252 ,1919 
2019-07-08,3549 ,677 ,2127 ,3386 ,88 ,471 ,6420 ,6284 ,863 ,1479 ,289 ,129 ,1161 ,213 ,102 ,54 ,304 ,129 ,328 ,145 ,171 ,11 ,169 ,1997 ,1535 ,23 ,341 ,11 ,368 ,1978 
2019-07-09,3683 ,740 ,2173 ,3576 ,102 ,509 ,6368 ,6353 ,523 ,1463 ,300 ,129 ,1156 ,218 ,102 ,48 ,275 ,127 ,296 ,137 ,146 ,8 ,164 ,1661 ,1229 ,20 ,254 ,10 ,349 ,1935 
2019-07-10,3655 ,748 ,2013 ,3354 ,114 ,511 ,5582 ,5950 ,646 ,1343 ,255 ,110 ,1080 ,186 ,105 ,49 ,294 ,111 ,1088 ,145 ,129 ,7 ,160 ,1529 ,1090 ,20 ,1030 ,9 ,326 ,1781 
2019-07-11,3722 ,757 ,2189 ,3535 ,117 ,516 ,6523 ,6164 ,829 ,1496 ,316 ,129 ,1115 ,222 ,106 ,51 ,319 ,148 ,290 ,129 ,123 ,6 ,165 ,1541 ,1165 ,20 ,254 ,10 ,343 ,1894 
2019-07-12,4144 ,781 ,2326 ,4172 ,140 ,652 ,6996 ,6624 ,408 ,1701 ,359 ,147 ,1259 ,263 ,126 ,54 ,360 ,168 ,298 ,134 ,118 ,104 ,167 ,1649 ,1233 ,20 ,274 ,11 ,371 ,2157 
2019-07-13,4311 ,998 ,2639 ,4435 ,210 ,1022 ,7902 ,6501 ,445 ,1727 ,535 ,204 ,1883 ,424 ,215 ,53 ,562 ,183 ,318 ,125 ,103 ,8 ,176 ,1164 ,1007 ,17 ,254 ,5 ,400 ,2200 
2019-07-14,3797 ,916 ,2421 ,3889 ,167 ,1056 ,5672 ,6099 ,478 ,1415 ,458 ,147 ,1726 ,367 ,192 ,56 ,444 ,129 ,180 ,49 ,62 ,7 ,136 ,150 ,262 ,5 ,203 ,0 ,254 ,1906 
2019-07-15,3536 ,657 ,2062 ,3223 ,91 ,184 ,6296 ,6124 ,591 ,1409 ,266 ,119 ,1097 ,202 ,112 ,55 ,299 ,129 ,720 ,141 ,138 ,254 ,161 ,1943 ,1473 ,22 ,604 ,11 ,348 ,1949 
2019-07-16,3666 ,734 ,2200 ,3535 ,103 ,530 ,6455 ,6354 ,532 ,1461 ,297 ,124 ,1095 ,217 ,110 ,48 ,287 ,141 ,298 ,134 ,126 ,192 ,164 ,1655 ,1227 ,22 ,259 ,11 ,349 ,1957 
2019-07-17,3752 ,774 ,2221 ,3654 ,112 ,534 ,6428 ,6463 ,529 ,1466 ,317 ,130 ,1179 ,224 ,110 ,52 ,332 ,147 ,337 ,131 ,119 ,140 ,164 ,1569 ,1162 ,21 ,263 ,10 ,351 ,1978 
2019-07-18,3767 ,799 ,2231 ,3713 ,118 ,541 ,6396 ,6462 ,750 ,1440 ,318 ,131 ,1189 ,220 ,112 ,55 ,333 ,161 ,287 ,126 ,119 ,103 ,161 ,1524 ,1147 ,20 ,258 ,11 ,351 ,1958 
2019-07-19,4069 ,882 ,2380 ,4071 ,148 ,652 ,6758 ,6713 ,454 ,1527 ,340 ,138 ,1374 ,239 ,130 ,51 ,377 ,167 ,295 ,125 ,126 ,81 ,155 ,1630 ,1206 ,20 ,279 ,11 ,363 ,2112 
2019-07-20,4002 ,953 ,2481 ,4004 ,217 ,953 ,7550 ,6055 ,440 ,1556 ,442 ,158 ,1829 ,331 ,202 ,49 ,533 ,171 ,282 ,100 ,98 ,10 ,151 ,1099 ,935 ,17 ,249 ,4 ,352 ,1901 
2019-07-21,3610 ,866 ,2320 ,3617 ,169 ,956 ,7174 ,5482 ,536 ,1268 ,415 ,132 ,1731 ,323 ,182 ,56 ,445 ,125 ,171 ,42 ,60 ,8 ,124 ,155 ,280 ,8 ,204 ,0 ,227 ,1777 
2019-07-22,3819 ,677 ,2215 ,3671 ,92 ,475 ,6704 ,6376 ,758 ,1524 ,302 ,128 ,1238 ,217 ,120 ,51 ,326 ,145 ,636 ,231 ,176 ,74 ,227 ,1933 ,1465 ,22 ,632 ,11 ,377 ,2089 
2019-07-23,3774 ,766 ,2257 ,3702 ,104 ,546 ,6540 ,6519 ,712 ,1412 ,315 ,129 ,1205 ,220 ,120 ,49 ,303 ,138 ,306 ,137 ,163 ,47 ,163 ,1625 ,1194 ,22 ,276 ,11 ,368 ,2077 
2019-07-24,3828 ,784 ,2206 ,3600 ,112 ,539 ,6169 ,6360 ,661 ,1417 ,305 ,121 ,1206 ,217 ,123 ,53 ,331 ,135 ,311 ,132 ,156 ,34 ,158 ,1522 ,1125 ,22 ,266 ,10 ,360 ,2010 
2019-07-25,3787 ,803 ,2168 ,3561 ,121 ,548 ,6235 ,6151 ,729 ,1340 ,297 ,121 ,1186 ,212 ,128 ,53 ,323 ,130 ,1214 ,153 ,154 ,31 ,147 ,1491 ,1114 ,23 ,328 ,9 ,354 ,1943 
2019-07-26,3947 ,841 ,2229 ,3785 ,148 ,618 ,6542 ,6210 ,1002 ,1431 ,311 ,126 ,1300 ,235 ,145 ,54 ,356 ,139 ,286 ,119 ,155 ,23 ,146 ,1564 ,1156 ,23 ,322 ,10 ,365 ,2072 
2019-07-27,4313 ,983 ,2651 ,4393 ,215 ,1022 ,8076 ,6383 ,479 ,1692 ,521 ,186 ,1858 ,399 ,228 ,61 ,558 ,160 ,319 ,125 ,92 ,2 ,153 ,1126 ,993 ,18 ,283 ,6 ,399 ,2232 
2019-07-28,3660 ,860 ,2268 ,3619 ,171 ,968 ,5387 ,5616 ,503 ,1304 ,395 ,119 ,1667 ,317 ,213 ,57 ,401 ,111 ,175 ,40 ,51 ,1 ,109 ,141 ,241 ,8 ,205 ,0 ,223 ,1838 
2019-07-29,3919 ,750 ,2330 ,3787 ,96 ,577 ,7162 ,6440 ,1025 ,1526 ,334 ,147 ,1401 ,264 ,171 ,54 ,334 ,152 ,357 ,155 ,135 ,12 ,164 ,1893 ,1469 ,25 ,281 ,11 ,414 ,2203 
2019-07-30,4032 ,819 ,2329 ,3926 ,113 ,612 ,6787 ,6485 ,558 ,1482 ,331 ,139 ,1389 ,264 ,172 ,55 ,311 ,142 ,330 ,141 ,127 ,8 ,150 ,1583 ,1180 ,25 ,277 ,11 ,400 ,2179 
2019-07-31,4049 ,842 ,2317 ,3844 ,121 ,649 ,6692 ,6219 ,1222 ,1462 ,315 ,134 ,1516 ,262 ,173 ,62 ,342 ,139 ,320 ,130 ,102 ,9 ,144 ,1446 ,1075 ,24 ,290 ,11 ,399 ,2174 
2019-08-01,4179 ,873 ,2410 ,4135 ,126 ,676 ,7039 ,6528 ,650 ,1556 ,364 ,149 ,1590 ,298 ,197 ,60 ,366 ,138 ,322 ,127 ,142 ,25 ,154 ,1441 ,1107 ,22 ,423 ,10 ,407 ,2263 
2019-08-02,4374 ,937 ,2515 ,4438 ,143 ,761 ,7337 ,6822 ,730 ,1646 ,384 ,157 ,1664 ,314 ,205 ,60 ,396 ,143 ,288 ,123 ,116 ,15 ,150 ,1540 ,1172 ,22 ,354 ,9 ,420 ,2384 
2019-08-03,4356 ,968 ,2589 ,4436 ,187 ,981 ,7857 ,6483 ,487 ,1681 ,454 ,167 ,1942 ,373 ,254 ,67 ,496 ,135 ,255 ,103 ,83 ,3 ,128 ,967 ,867 ,17 ,275 ,4 ,384 ,2371 
2019-08-04,3803 ,856 ,2364 ,3882 ,154 ,926 ,7176 ,5898 ,512 ,1337 ,369 ,125 ,1794 ,311 ,230 ,61 ,391 ,108 ,191 ,38 ,55 ,3 ,101 ,143 ,267 ,7 ,213 ,0 ,241 ,2073 
2019-08-05,3914 ,729 ,2331 ,3808 ,94 ,352 ,7001 ,6493 ,1067 ,1512 ,298 ,132 ,1436 ,239 ,176 ,59 ,324 ,133 ,766 ,151 ,243 ,38 ,164 ,1937 ,1468 ,23 ,318 ,11 ,418 ,2210 
2019-08-06,3899 ,765 ,2294 ,3797 ,106 ,603 ,6622 ,6445 ,607 ,1451 ,281 ,122 ,1396 ,228 ,164 ,52 ,290 ,121 ,332 ,134 ,193 ,24 ,147 ,1626 ,1167 ,22 ,279 ,10 ,385 ,2099 
2019-08-07,3966 ,795 ,2297 ,3804 ,112 ,583 ,6741 ,6269 ,566 ,1460 ,294 ,131 ,1400 ,239 ,155 ,53 ,337 ,191 ,358 ,130 ,170 ,18 ,153 ,1560 ,1136 ,23 ,268 ,10 ,398 ,2035 
2019-08-08,3998 ,817 ,2360 ,3929 ,115 ,602 ,6640 ,6501 ,817 ,1457 ,301 ,130 ,1397 ,241 ,159 ,51 ,342 ,180 ,322 ,132 ,147 ,15 ,151 ,1542 ,1136 ,22 ,344 ,10 ,389 ,2135 
2019-08-09,4249 ,887 ,2476 ,4296 ,141 ,701 ,7078 ,6807 ,607 ,1590 ,330 ,145 ,1503 ,264 ,171 ,53 ,380 ,199 ,328 ,135 ,135 ,11 ,152 ,1660 ,1210 ,22 ,293 ,11 ,410 ,2318 
2019-08-10,4409 ,959 ,2657 ,4495 ,202 ,994 ,8044 ,6659 ,466 ,1733 ,432 ,173 ,1975 ,360 ,242 ,53 ,513 ,208 ,321 ,119 ,89 ,1 ,145 ,1101 ,932 ,17 ,270 ,4 ,412 ,2373 
2019-08-11,3989 ,829 ,2383 ,3994 ,165 ,953 ,5551 ,6060 ,825 ,1405 ,355 ,125 ,1814 ,301 ,216 ,50 ,392 ,115 ,191 ,42 ,51 ,1 ,114 ,140 ,236 ,8 ,208 ,1 ,243 ,1962 
2019-08-12,3623 ,666 ,2138 ,3330 ,96 ,451 ,6452 ,5993 ,740 ,1376 ,235 ,117 ,1267 ,193 ,148 ,46 ,307 ,139 ,1167 ,157 ,144 ,11 ,153 ,1841 ,1368 ,23 ,1053 ,11 ,367 ,2018 
2019-08-13,3843 ,765 ,2336 ,3805 ,105 ,558 ,6681 ,6562 ,561 ,1467 ,275 ,128 ,1322 ,217 ,148 ,46 ,297 ,134 ,313 ,135 ,132 ,104 ,156 ,1624 ,1178 ,21 ,272 ,12 ,378 ,2159 
2019-08-14,4112 ,843 ,2443 ,4105 ,142 ,585 ,6571 ,6878 ,523 ,1560 ,283 ,132 ,1466 ,229 ,156 ,56 ,343 ,141 ,329 ,136 ,117 ,71 ,154 ,1595 ,1169 ,22 ,279 ,11 ,392 ,2257 
2019-08-15,3925 ,881 ,2265 ,3725 ,182 ,892 ,6854 ,5588 ,557 ,1408 ,365 ,131 ,1942 ,296 ,219 ,53 ,413 ,113 ,211 ,87 ,49 ,10 ,129 ,203 ,332 ,10 ,216 ,3 ,280 ,1919 
2019-08-16,4159 ,856 ,2446 ,4127 ,139 ,656 ,7027 ,6599 ,805 ,1663 ,323 ,152 ,1613 ,273 ,187 ,50 ,388 ,152 ,754 ,145 ,118 ,167 ,162 ,1884 ,1436 ,24 ,627 ,11 ,423 ,2242 
2019-08-17,4363 ,936 ,2584 ,4401 ,209 ,846 ,7591 ,6453 ,471 ,1749 ,397 ,173 ,1967 ,370 ,239 ,50 ,478 ,147 ,309 ,122 ,85 ,15 ,154 ,1068 ,933 ,17 ,256 ,5 ,393 ,2254 
2019-08-18,3759 ,845 ,2373 ,3834 ,163 ,789 ,6945 ,5964 ,515 ,1355 ,331 ,128 ,1782 ,308 ,208 ,53 ,394 ,115 ,187 ,47 ,48 ,14 ,124 ,147 ,272 ,9 ,193 ,1 ,255 ,1980 
2019-08-19,3705 ,678 ,2235 ,3495 ,91 ,366 ,6434 ,6416 ,623 ,1536 ,229 ,129 ,1263 ,201 ,137 ,49 ,308 ,136 ,348 ,149 ,158 ,169 ,175 ,2050 ,1546 ,23 ,263 ,11 ,392 ,2099 
2019-08-20,3799 ,747 ,2286 ,3706 ,105 ,490 ,6404 ,6569 ,780 ,1538 ,234 ,127 ,1249 ,205 ,131 ,48 ,282 ,127 ,605 ,142 ,148 ,154 ,231 ,1703 ,1236 ,22 ,624 ,11 ,378 ,2080 
2019-08-21,3792 ,757 ,2224 ,3618 ,113 ,487 ,6151 ,6449 ,540 ,1456 ,225 ,123 ,1236 ,200 ,126 ,49 ,314 ,120 ,317 ,129 ,135 ,115 ,176 ,1603 ,1145 ,23 ,264 ,11 ,371 ,2023 
2019-08-22,3816 ,783 ,2284 ,3719 ,113 ,503 ,6380 ,6507 ,525 ,1525 ,245 ,125 ,1250 ,211 ,126 ,49 ,323 ,134 ,307 ,216 ,127 ,83 ,175 ,1549 ,1145 ,22 ,265 ,11 ,374 ,2070 
2019-08-23,4205 ,871 ,2456 ,4192 ,145 ,596 ,6861 ,6890 ,642 ,1694 ,278 ,146 ,1367 ,248 ,143 ,52 ,361 ,164 ,310 ,142 ,128 ,73 ,175 ,1707 ,1274 ,23 ,292 ,11 ,401 ,2303 
2019-08-24,4504 ,993 ,2692 ,4549 ,216 ,848 ,7922 ,6709 ,468 ,1855 ,404 ,189 ,1888 ,382 ,224 ,52 ,524 ,169 ,322 ,139 ,102 ,7 ,184 ,1190 ,1047 ,21 ,259 ,7 ,426 ,2366 
2019-08-25,3917 ,897 ,2506 ,3985 ,168 ,865 ,5641 ,6290 ,546 ,1507 ,348 ,136 ,1757 ,328 ,200 ,53 ,417 ,124 ,191 ,55 ,62 ,7 ,154 ,150 ,265 ,8 ,202 ,1 ,269 ,2052 
2019-08-26,3715 ,679 ,2224 ,3510 ,92 ,446 ,6656 ,6563 ,1328 ,1572 ,223 ,127 ,1232 ,198 ,121 ,55 ,301 ,138 ,1245 ,176 ,176 ,64 ,193 ,2014 ,1535 ,27 ,383 ,11 ,388 ,2097 
2019-08-27,3801 ,741 ,2205 ,3567 ,110 ,459 ,6351 ,6405 ,684 ,1532 ,227 ,120 ,1190 ,199 ,115 ,50 ,279 ,133 ,296 ,133 ,160 ,43 ,183 ,1685 ,1222 ,25 ,262 ,11 ,368 ,1977 
2019-08-28,3911 ,779 ,2275 ,3742 ,115 ,494 ,6197 ,6685 ,611 ,1586 ,247 ,128 ,1261 ,209 ,117 ,51 ,323 ,146 ,332 ,141 ,158 ,30 ,191 ,1602 ,1171 ,25 ,267 ,11 ,373 ,2043 
2019-08-29,3796 ,761 ,2170 ,3543 ,120 ,487 ,6244 ,6494 ,864 ,1526 ,247 ,121 ,1154 ,206 ,117 ,48 ,316 ,138 ,293 ,134 ,144 ,22 ,181 ,1523 ,1134 ,25 ,276 ,9 ,362 ,2053 
2019-08-30,4238 ,864 ,2424 ,4171 ,152 ,607 ,7004 ,6922 ,492 ,1734 ,300 ,142 ,1319 ,256 ,133 ,49 ,375 ,164 ,355 ,149 ,162 ,23 ,184 ,1694 ,1277 ,26 ,292 ,11 ,410 ,2515 
2019-08-31,4570 ,1015 ,2766 ,4687 ,211 ,928 ,8104 ,6964 ,502 ,1939 ,461 ,193 ,1832 ,413 ,215 ,50 ,559 ,161 ,348 ,151 ,123 ,4 ,191 ,1197 ,1064 ,19 ,268 ,7 ,445 ,3810 
2019-09-01,3799 ,882 ,2407 ,3850 ,168 ,883 ,7317 ,6179 ,570 ,1446 ,382 ,140 ,1632 ,340 ,177 ,54 ,448 ,123 ,199 ,62 ,83 ,5 ,156 ,162 ,305 ,11 ,205 ,2 ,257 ,1799 
2019-09-02,3689 ,669 ,2141 ,3467 ,94 ,437 ,6536 ,6562 ,1576 ,1582 ,224 ,121 ,1209 ,187 ,96 ,50 ,302 ,124 ,360 ,142 ,259 ,68 ,226 ,1992 ,1548 ,24 ,411 ,11 ,377 ,1752 
2019-09-03,3793 ,724 ,2165 ,3590 ,106 ,477 ,6478 ,6559 ,676 ,1601 ,239 ,113 ,1149 ,189 ,93 ,44 ,273 ,133 ,323 ,137 ,203 ,36 ,216 ,1676 ,1259 ,21 ,363 ,10 ,357 ,1751 
2019-09-04,3714 ,730 ,2046 ,3442 ,115 ,490 ,6196 ,6259 ,618 ,1483 ,226 ,105 ,1129 ,177 ,93 ,47 ,316 ,122 ,319 ,123 ,160 ,23 ,196 ,1546 ,1130 ,21 ,292 ,9 ,350 ,1712 
2019-09-05,3712 ,729 ,2084 ,3489 ,114 ,510 ,6308 ,6388 ,953 ,1498 ,241 ,105 ,1083 ,173 ,95 ,47 ,310 ,132 ,685 ,124 ,145 ,16 ,203 ,1486 ,1116 ,21 ,344 ,10 ,343 ,1797 
2019-09-06,3996 ,817 ,2347 ,3974 ,149 ,626 ,6958 ,6804 ,795 ,1745 ,296 ,129 ,1235 ,215 ,104 ,45 ,384 ,148 ,365 ,142 ,144 ,12 ,191 ,1714 ,1315 ,22 ,301 ,11 ,369 ,1991 
2019-09-07,3389 ,744 ,2163 ,3179 ,204 ,795 ,7077 ,5787 ,427 ,1434 ,294 ,111 ,1471 ,234 ,150 ,36 ,525 ,115 ,320 ,99 ,96 ,1 ,126 ,1118 ,945 ,17 ,232 ,3 ,293 ,1536 
2019-09-08,3752 ,900 ,2489 ,3798 ,167 ,1135 ,6203 ,6138 ,543 ,1644 ,494 ,149 ,1675 ,372 ,147 ,50 ,539 ,127 ,295 ,66 ,70 ,1 ,170 ,163 ,300 ,8 ,223 ,0 ,247 ,1826 
2019-09-09,3718 ,699 ,2153 ,3527 ,100 ,532 ,7020 ,6580 ,429 ,1832 ,258 ,123 ,1124 ,197 ,86 ,38 ,378 ,132 ,456 ,144 ,144 ,11 ,221 ,2064 ,1650 ,24 ,408 ,11 ,379 ,2013 
2019-09-10,3817 ,756 ,2130 ,3638 ,118 ,596 ,6967 ,6479 ,445 ,1948 ,262 ,117 ,1093 ,208 ,87 ,46 ,380 ,129 ,1188 ,157 ,125 ,8 ,204 ,1732 ,1353 ,22 ,1157 ,11 ,382 ,2082 
2019-09-11,4230 ,892 ,2573 ,4385 ,156 ,783 ,9212 ,6913 ,613 ,2992 ,364 ,164 ,1506 ,297 ,102 ,58 ,528 ,157 ,323 ,135 ,125 ,7 ,201 ,1973 ,1719 ,26 ,335 ,11 ,456 ,2616 
2019-09-12,2638 ,583 ,2221 ,3324 ,194 ,429 ,9615 ,5675 ,360 ,3131 ,380 ,113 ,1685 ,299 ,160 ,58 ,386 ,97 ,125 ,51 ,37 ,0 ,98 ,235 ,563 ,8 ,193 ,0 ,184 ,2188 
2019-09-13,1558 ,345 ,1958 ,2868 ,151 ,91 ,4503 ,6188 ,300 ,1118 ,196 ,49 ,1561 ,197 ,167 ,41 ,108 ,45 ,105 ,15 ,17 ,0 ,40 ,106 ,203 ,7 ,114 ,0 ,137 ,1947 
2019-09-14,2968 ,727 ,2251 ,3798 ,207 ,945 ,6078 ,5748 ,463 ,1142 ,445 ,134 ,1957 ,349 ,205 ,49 ,288 ,101 ,153 ,33 ,37 ,0 ,105 ,198 ,435 ,8 ,199 ,1 ,188 ,1877 
2019-09-15,3244 ,837 ,2363 ,3686 ,167 ,913 ,6189 ,5880 ,578 ,1007 ,414 ,139 ,1737 ,326 ,161 ,52 ,411 ,118 ,172 ,42 ,47 ,0 ,135 ,182 ,368 ,8 ,209 ,1 ,237 ,1882 
2019-09-16,3604 ,697 ,2222 ,3567 ,92 ,465 ,6193 ,6634 ,623 ,1287 ,268 ,138 ,1200 ,222 ,90 ,51 ,361 ,151 ,468 ,158 ,156 ,6 ,221 ,2373 ,1926 ,26 ,676 ,11 ,439 ,2088 
2019-09-17,3711 ,740 ,2217 ,3696 ,97 ,456 ,6003 ,6712 ,562 ,1373 ,265 ,130 ,1061 ,212 ,93 ,49 ,295 ,147 ,765 ,144 ,137 ,160 ,201 ,1858 ,1456 ,22 ,332 ,11 ,395 ,2022 
2019-09-18,3835 ,767 ,2227 ,3771 ,106 ,472 ,6004 ,6700 ,806 ,1412 ,284 ,133 ,1065 ,215 ,94 ,49 ,323 ,149 ,370 ,141 ,130 ,272 ,199 ,1739 ,1378 ,23 ,306 ,11 ,389 ,1972 
2019-09-19,3879 ,786 ,2250 ,3834 ,109 ,488 ,5985 ,6721 ,514 ,1446 ,300 ,129 ,1060 ,220 ,99 ,49 ,313 ,168 ,334 ,144 ,118 ,201 ,194 ,1696 ,1388 ,22 ,304 ,11 ,378 ,1968 
2019-09-20,4160 ,876 ,2423 ,4142 ,146 ,589 ,6270 ,6841 ,727 ,1525 ,339 ,146 ,1203 ,266 ,111 ,49 ,353 ,174 ,652 ,152 ,124 ,149 ,239 ,1814 ,1454 ,24 ,656 ,11 ,396 ,2061 
2019-09-21,4123 ,992 ,2563 ,4161 ,221 ,950 ,7044 ,6247 ,463 ,1462 ,473 ,166 ,1650 ,381 ,180 ,52 ,528 ,164 ,329 ,119 ,102 ,18 ,163 ,1295 ,1145 ,22 ,264 ,4 ,409 ,1932 
2019-09-22,3093 ,790 ,2157 ,3092 ,162 ,914 ,4716 ,5315 ,518 ,1041 ,365 ,99 ,1393 ,268 ,145 ,36 ,408 ,90 ,166 ,34 ,57 ,14 ,111 ,151 ,256 ,10 ,186 ,0 ,194 ,1385 
2019-09-23,3745 ,684 ,2240 ,3562 ,89 ,456 ,6487 ,6537 ,692 ,1487 ,287 ,124 ,1045 ,224 ,88 ,52 ,290 ,128 ,382 ,233 ,143 ,117 ,202 ,2100 ,1668 ,25 ,309 ,12 ,389 ,2001 
2019-09-24,3904 ,761 ,2269 ,3799 ,108 ,480 ,6237 ,6701 ,589 ,1493 ,299 ,124 ,1029 ,224 ,95 ,45 ,270 ,125 ,344 ,146 ,142 ,68 ,192 ,1758 ,1359 ,23 ,306 ,11 ,379 ,1992 
2019-09-25,3993 ,805 ,2329 ,3892 ,110 ,509 ,6064 ,6831 ,544 ,1522 ,308 ,130 ,1106 ,234 ,99 ,47 ,314 ,133 ,1283 ,172 ,154 ,55 ,191 ,1664 ,1292 ,27 ,371 ,11 ,385 ,1987 
2019-09-26,3977 ,812 ,2287 ,3941 ,114 ,497 ,6234 ,6955 ,1037 ,1524 ,307 ,125 ,1058 ,233 ,102 ,50 ,321 ,130 ,355 ,144 ,148 ,36 ,187 ,1619 ,1286 ,28 ,336 ,10 ,380 ,2007 
2019-09-27,4209 ,887 ,2437 ,4246 ,149 ,608 ,6471 ,7118 ,348 ,1589 ,326 ,142 ,1213 ,258 ,119 ,48 ,375 ,140 ,343 ,143 ,162 ,26 ,180 ,1757 ,1360 ,28 ,295 ,10 ,399 ,2143 
2019-09-28,4416 ,1031 ,2760 ,4674 ,224 ,941 ,7453 ,7100 ,267 ,1708 ,512 ,192 ,1737 ,425 ,193 ,51 ,580 ,144 ,361 ,141 ,123 ,4 ,183 ,1260 ,1116 ,22 ,276 ,7 ,441 ,2270 
2019-09-29,3834 ,923 ,2488 ,3986 ,174 ,910 ,6894 ,6408 ,254 ,1364 ,438 ,137 ,1595 ,374 ,169 ,57 ,460 ,109 ,210 ,60 ,72 ,4 ,139 ,164 ,316 ,8 ,216 ,0 ,275 ,1996 
2019-09-30,3816 ,716 ,2255 ,3696 ,98 ,448 ,6283 ,6880 ,957 ,1520 ,254 ,124 ,1096 ,209 ,94 ,47 ,311 ,141 ,430 ,155 ,209 ,31 ,194 ,2103 ,1640 ,30 ,343 ,11 ,392 ,2088 
2019-10-01,3904 ,784 ,2298 ,3821 ,114 ,468 ,6093 ,6955 ,315 ,1479 ,256 ,116 ,1113 ,206 ,94 ,48 ,293 ,119 ,358 ,134 ,229 ,70 ,189 ,1781 ,1338 ,23 ,414 ,10 ,375 ,1979 
2019-10-02,3851 ,788 ,2109 ,3628 ,146 ,491 ,5645 ,6371 ,510 ,1334 ,213 ,97 ,1209 ,159 ,103 ,44 ,300 ,99 ,308 ,112 ,179 ,39 ,153 ,1675 ,1195 ,23 ,294 ,10 ,341 ,1755 
2019-10-03,4109 ,977 ,2557 ,4185 ,178 ,952 ,7210 ,6198 ,305 ,1534 ,512 ,167 ,1899 ,386 ,168 ,61 ,503 ,136 ,239 ,120 ,75 ,4 ,169 ,254 ,434 ,11 ,238 ,4 ,321 ,1895 
2019-10-04,4331 ,910 ,2535 ,4420 ,143 ,665 ,6864 ,7114 ,328 ,1692 ,369 ,157 ,1619 ,302 ,155 ,47 ,430 ,152 ,398 ,163 ,178 ,23 ,197 ,2167 ,1683 ,29 ,304 ,11 ,448 ,2225 
2019-10-05,4403 ,989 ,2680 ,4505 ,218 ,881 ,7237 ,6667 ,289 ,1737 ,485 ,175 ,1851 ,404 ,208 ,50 ,519 ,147 ,346 ,138 ,114 ,1 ,166 ,1220 ,1079 ,23 ,267 ,4 ,408 ,2184 
2019-10-06,3821 ,897 ,2421 ,3884 ,172 ,866 ,6684 ,6068 ,280 ,1359 ,419 ,131 ,1644 ,360 ,167 ,56 ,433 ,113 ,207 ,60 ,64 ,1 ,131 ,162 ,316 ,8 ,210 ,1 ,262 ,1935 
2019-10-07,3638 ,655 ,2014 ,3194 ,90 ,338 ,5789 ,6065 ,960 ,1358 ,223 ,99 ,1019 ,183 ,100 ,48 ,276 ,107 ,739 ,131 ,185 ,18 ,182 ,2064 ,1576 ,23 ,329 ,11 ,359 ,1861 
2019-10-08,4209 ,820 ,2352 ,4049 ,137 ,519 ,6426 ,6741 ,272 ,1575 ,312 ,125 ,1243 ,247 ,111 ,53 ,293 ,131 ,363 ,154 ,165 ,12 ,187 ,1915 ,1459 ,26 ,427 ,11 ,399 ,2073 
2019-10-09,4275 ,985 ,2485 ,4119 ,174 ,905 ,6508 ,6115 ,338 ,1533 ,520 ,154 ,1734 ,408 ,151 ,59 ,467 ,132 ,288 ,139 ,64 ,1 ,173 ,285 ,464 ,10 ,227 ,4 ,336 ,1992 
2019-10-10,3927 ,759 ,2257 ,3746 ,99 ,479 ,6280 ,6622 ,399 ,1532 ,311 ,122 ,1056 ,235 ,104 ,50 ,316 ,160 ,1244 ,184 ,146 ,11 ,200 ,1925 ,1581 ,25 ,1138 ,11 ,386 ,1980 
2019-10-11,4244 ,880 ,2442 ,4258 ,142 ,606 ,6542 ,6989 ,594 ,1629 ,335 ,141 ,1234 ,265 ,117 ,48 ,373 ,170 ,353 ,152 ,126 ,8 ,183 ,1852 ,1446 ,23 ,304 ,11 ,405 ,2144 
2019-10-12,4460 ,1013 ,2725 ,4562 ,215 ,933 ,7496 ,6703 ,296 ,1755 ,507 ,182 ,1707 ,416 ,188 ,50 ,542 ,188 ,361 ,143 ,87 ,0 ,176 ,1296 ,1139 ,26 ,268 ,7 ,427 ,2241 
2019-10-13,3905 ,924 ,2492 ,3977 ,173 ,944 ,5453 ,6316 ,301 ,1446 ,454 ,135 ,1553 ,390 ,165 ,58 ,449 ,116 ,205 ,61 ,54 ,0 ,143 ,162 ,296 ,8 ,212 ,1 ,267 ,1946 
2019-10-14,3842 ,686 ,2188 ,3541 ,89 ,341 ,6468 ,6508 ,303 ,1554 ,277 ,119 ,1025 ,217 ,98 ,53 ,307 ,121 ,391 ,158 ,139 ,7 ,194 ,2157 ,1688 ,28 ,306 ,13 ,391 ,2007 
2019-10-15,3952 ,766 ,2248 ,3768 ,103 ,503 ,6273 ,6591 ,321 ,1540 ,292 ,115 ,1000 ,228 ,98 ,48 ,283 ,122 ,797 ,149 ,124 ,134 ,191 ,1798 ,1376 ,27 ,681 ,11 ,380 ,1978 
2019-10-16,4012 ,792 ,2254 ,3843 ,109 ,541 ,6429 ,6671 ,286 ,1545 ,303 ,121 ,1020 ,235 ,100 ,51 ,322 ,126 ,383 ,151 ,116 ,91 ,194 ,1698 ,1293 ,26 ,306 ,11 ,379 ,1997 
2019-10-17,4022 ,801 ,2274 ,3857 ,112 ,522 ,6321 ,6708 ,540 ,1554 ,309 ,122 ,1044 ,243 ,104 ,51 ,323 ,128 ,361 ,148 ,100 ,240 ,191 ,1666 ,1308 ,24 ,301 ,11 ,375 ,1984 
2019-10-18,4246 ,879 ,2400 ,4179 ,148 ,588 ,6511 ,6828 ,242 ,1639 ,326 ,131 ,1223 ,265 ,120 ,48 ,376 ,139 ,342 ,142 ,109 ,189 ,181 ,1806 ,1370 ,24 ,301 ,10 ,392 ,2100 
2019-10-19,4566 ,1047 ,2737 ,4682 ,219 ,901 ,7545 ,6864 ,274 ,1835 ,512 ,185 ,1717 ,452 ,199 ,51 ,569 ,157 ,370 ,147 ,86 ,21 ,185 ,1322 ,1125 ,27 ,272 ,7 ,452 ,2294 
2019-10-20,3891 ,942 ,2444 ,3970 ,169 ,882 ,6866 ,6177 ,288 ,1399 ,433 ,131 ,1545 ,395 ,171 ,57 ,472 ,120 ,220 ,60 ,55 ,18 ,140 ,174 ,316 ,14 ,223 ,1 ,269 ,1974 
2019-10-21,3826 ,700 ,2195 ,3594 ,92 ,356 ,6306 ,6642 ,465 ,1571 ,262 ,118 ,1065 ,224 ,100 ,52 ,311 ,131 ,724 ,162 ,141 ,162 ,253 ,2166 ,1671 ,28 ,656 ,11 ,391 ,2009 
2019-10-22,3936 ,769 ,2219 ,3776 ,102 ,460 ,6230 ,6759 ,276 ,1551 ,271 ,115 ,1037 ,227 ,99 ,45 ,284 ,124 ,344 ,231 ,125 ,98 ,188 ,1844 ,1380 ,27 ,316 ,11 ,379 ,1970 
2019-10-23,3987 ,797 ,2215 ,3784 ,109 ,475 ,5978 ,6727 ,430 ,1548 ,283 ,119 ,1068 ,231 ,100 ,45 ,326 ,125 ,377 ,147 ,122 ,64 ,189 ,1725 ,1287 ,27 ,297 ,10 ,369 ,1933 
2019-10-24,4012 ,810 ,2244 ,3861 ,119 ,487 ,6258 ,6772 ,336 ,1569 ,296 ,120 ,1105 ,240 ,104 ,48 ,332 ,132 ,346 ,146 ,116 ,44 ,185 ,1683 ,1294 ,27 ,294 ,11 ,371 ,1962 
2019-10-25,4326 ,906 ,2413 ,4233 ,150 ,619 ,6557 ,6916 ,470 ,1679 ,337 ,146 ,1286 ,279 ,122 ,49 ,395 ,143 ,1279 ,179 ,131 ,38 ,184 ,1864 ,1408 ,30 ,381 ,11 ,402 ,2171 
2019-10-26,4599 ,1059 ,2658 ,4513 ,223 ,955 ,7451 ,6469 ,292 ,1767 ,519 ,190 ,1771 ,447 ,202 ,51 ,596 ,152 ,399 ,141 ,94 ,5 ,178 ,1318 ,1117 ,27 ,266 ,5 ,440 ,2327 
2019-10-27,4002 ,957 ,2431 ,3926 ,176 ,983 ,5413 ,6031 ,306 ,1452 ,463 ,133 ,1621 ,403 ,172 ,53 ,496 ,115 ,203 ,59 ,59 ,4 ,141 ,173 ,298 ,8 ,216 ,0 ,278 ,2020 
2019-10-28,3862 ,694 ,2160 ,3475 ,91 ,440 ,6387 ,6328 ,919 ,1547 ,269 ,120 ,1076 ,221 ,99 ,51 ,309 ,130 ,397 ,158 ,164 ,34 ,190 ,2207 ,1718 ,33 ,330 ,11 ,394 ,2023 
2019-10-29,3994 ,767 ,2190 ,3665 ,104 ,482 ,6229 ,6433 ,592 ,1550 ,287 ,116 ,1085 ,225 ,100 ,44 ,290 ,131 ,351 ,149 ,151 ,22 ,190 ,1850 ,1381 ,30 ,313 ,11 ,384 ,1999 
2019-10-30,4087 ,805 ,2228 ,3773 ,110 ,509 ,6313 ,6485 ,283 ,1561 ,306 ,129 ,1171 ,236 ,99 ,45 ,330 ,138 ,383 ,150 ,152 ,18 ,207 ,1722 ,1290 ,29 ,295 ,11 ,387 ,2023 
2019-10-31,4127 ,838 ,2272 ,3861 ,125 ,514 ,6268 ,6643 ,926 ,1575 ,312 ,128 ,1158 ,241 ,103 ,47 ,339 ,137 ,372 ,146 ,154 ,17 ,191 ,1673 ,1297 ,30 ,310 ,11 ,386 ,2062 
2019-11-01,4287 ,890 ,2360 ,4172 ,160 ,615 ,6576 ,6744 ,540 ,1669 ,345 ,143 ,1296 ,276 ,119 ,50 ,403 ,149 ,351 ,146 ,197 ,59 ,176 ,1808 ,1389 ,26 ,385 ,11 ,407 ,2181 
2019-11-02,4479 ,1018 ,2599 ,4445 ,223 ,984 ,7722 ,6481 ,418 ,1778 ,531 ,184 ,1804 ,431 ,200 ,50 ,599 ,164 ,352 ,142 ,113 ,5 ,176 ,1308 ,1130 ,27 ,288 ,5 ,443 ,2290 
2019-11-03,3795 ,897 ,2340 ,3788 ,170 ,925 ,6883 ,5831 ,442 ,1355 ,457 ,134 ,1595 ,369 ,166 ,51 ,498 ,126 ,204 ,54 ,64 ,4 ,135 ,172 ,314 ,10 ,238 ,0 ,262 ,1978 
2019-11-04,3771 ,675 ,2099 ,3432 ,92 ,376 ,6216 ,6305 ,665 ,1533 ,261 ,114 ,1077 ,216 ,93 ,49 ,317 ,138 ,393 ,155 ,224 ,39 ,192 ,2147 ,1666 ,26 ,371 ,13 ,388 ,1994 
2019-11-05,3912 ,744 ,2129 ,3617 ,105 ,469 ,6101 ,6366 ,769 ,1528 ,274 ,113 ,1026 ,221 ,93 ,45 ,286 ,136 ,738 ,148 ,192 ,24 ,200 ,1797 ,1341 ,24 ,343 ,11 ,371 ,1968 
2019-11-06,3941 ,772 ,2135 ,3651 ,111 ,511 ,6361 ,6354 ,377 ,1514 ,286 ,120 ,1019 ,226 ,95 ,50 ,325 ,169 ,362 ,147 ,158 ,16 ,190 ,1681 ,1270 ,23 ,292 ,10 ,371 ,1968 
2019-11-07,3958 ,781 ,2174 ,3640 ,111 ,511 ,6167 ,6295 ,661 ,1539 ,309 ,118 ,1040 ,232 ,101 ,49 ,328 ,153 ,342 ,147 ,134 ,13 ,185 ,1657 ,1287 ,23 ,294 ,11 ,368 ,1994 
2019-11-08,4238 ,859 ,2311 ,3984 ,145 ,636 ,6554 ,6419 ,362 ,1670 ,349 ,133 ,1208 ,273 ,116 ,50 ,388 ,168 ,337 ,150 ,124 ,10 ,182 ,1797 ,1392 ,23 ,368 ,10 ,404 ,2200 
2019-11-09,4439 ,1029 ,2615 ,4359 ,217 ,991 ,7700 ,6339 ,370 ,1820 ,529 ,182 ,1734 ,439 ,196 ,49 ,602 ,194 ,361 ,147 ,95 ,1 ,191 ,1291 ,1152 ,24 ,275 ,6 ,442 ,2332 
2019-11-10,3680 ,888 ,2292 ,3579 ,163 ,1027 ,5420 ,5890 ,424 ,1398 ,455 ,132 ,1531 ,383 ,168 ,53 ,505 ,118 ,197 ,57 ,52 ,1 ,156 ,168 ,293 ,8 ,218 ,0 ,258 ,1922 
2019-11-11,3740 ,678 ,2165 ,3346 ,92 ,376 ,6742 ,6798 ,1706 ,1551 ,272 ,118 ,1005 ,245 ,94 ,52 ,313 ,147 ,1274 ,184 ,139 ,9 ,213 ,2121 ,1682 ,27 ,1192 ,12 ,385 ,1990 
2019-11-12,3872 ,745 ,2165 ,3530 ,104 ,486 ,6095 ,6268 ,290 ,1507 ,274 ,111 ,993 ,217 ,94 ,46 ,285 ,113 ,352 ,148 ,121 ,7 ,191 ,1770 ,1348 ,23 ,306 ,11 ,366 ,1970 
2019-11-13,3943 ,772 ,2169 ,3452 ,116 ,502 ,5747 ,6147 ,282 ,1437 ,259 ,108 ,1067 ,195 ,97 ,52 ,313 ,104 ,353 ,134 ,107 ,114 ,195 ,1596 ,1210 ,23 ,287 ,11 ,353 ,1940 
2019-11-14,3979 ,801 ,2118 ,3557 ,110 ,538 ,6093 ,6020 ,256 ,1447 ,324 ,125 ,1101 ,233 ,101 ,50 ,338 ,132 ,343 ,142 ,98 ,77 ,178 ,1605 ,1247 ,24 ,286 ,11 ,378 ,2078 
2019-11-15,4041 ,835 ,2165 ,3716 ,145 ,640 ,6267 ,6168 ,273 ,1582 ,309 ,124 ,1195 ,245 ,120 ,50 ,378 ,135 ,764 ,135 ,114 ,225 ,161 ,1728 ,1321 ,24 ,639 ,10 ,388 ,2145 
2019-11-16,4311 ,997 ,2579 ,4263 ,221 ,1017 ,7646 ,6216 ,284 ,1830 ,525 ,184 ,1741 ,429 ,194 ,51 ,607 ,167 ,368 ,141 ,84 ,22 ,177 ,1263 ,1136 ,20 ,276 ,4 ,432 ,2297 
2019-11-17,3299 ,797 ,2040 ,3177 ,170 ,956 ,6192 ,5188 ,286 ,1158 ,358 ,101 ,1462 ,292 ,165 ,54 ,484 ,89 ,189 ,40 ,45 ,18 ,111 ,165 ,283 ,11 ,207 ,0 ,226 ,1800 
2019-11-18,3668 ,655 ,2034 ,3194 ,91 ,398 ,6151 ,5882 ,521 ,1491 ,281 ,115 ,1041 ,207 ,92 ,55 ,319 ,118 ,415 ,151 ,138 ,215 ,184 ,2106 ,1644 ,25 ,315 ,12 ,389 ,2068 
2019-11-19,3785 ,715 ,2061 ,3398 ,103 ,522 ,6039 ,5966 ,278 ,1474 ,285 ,112 ,985 ,212 ,92 ,45 ,290 ,111 ,358 ,150 ,118 ,138 ,181 ,1740 ,1315 ,22 ,294 ,11 ,377 ,2060 
2019-11-20,3870 ,758 ,2092 ,3458 ,107 ,529 ,6146 ,5995 ,544 ,1498 ,300 ,120 ,1023 ,218 ,94 ,50 ,333 ,116 ,741 ,149 ,119 ,95 ,238 ,1639 ,1267 ,23 ,642 ,11 ,382 ,2058 
2019-11-21,3909 ,780 ,2144 ,3572 ,117 ,539 ,6129 ,6140 ,287 ,1567 ,306 ,122 ,1135 ,222 ,100 ,48 ,341 ,124 ,333 ,144 ,111 ,69 ,180 ,1634 ,1309 ,23 ,290 ,11 ,383 ,2059 
2019-11-22,4188 ,870 ,2340 ,4014 ,147 ,604 ,6516 ,6464 ,249 ,1740 ,323 ,136 ,1304 ,274 ,117 ,52 ,403 ,138 ,336 ,231 ,115 ,52 ,176 ,1806 ,1427 ,24 ,291 ,11 ,408 ,2203 
2019-11-23,4296 ,1008 ,2602 ,4349 ,219 ,936 ,7478 ,6327 ,272 ,1850 ,488 ,177 ,1878 ,432 ,191 ,50 ,614 ,146 ,346 ,139 ,84 ,7 ,178 ,1248 ,1133 ,20 ,268 ,6 ,444 ,2277 
2019-11-24,3572 ,870 ,2276 ,3560 ,174 ,955 ,5100 ,5678 ,282 ,1358 ,399 ,121 ,1677 ,360 ,167 ,54 ,513 ,100 ,186 ,47 ,45 ,7 ,136 ,164 ,280 ,8 ,206 ,0 ,248 ,1858 
2019-11-25,3698 ,673 ,2080 ,3257 ,91 ,436 ,6223 ,5932 ,648 ,1510 ,253 ,116 ,1082 ,192 ,94 ,51 ,321 ,135 ,1250 ,173 ,162 ,56 ,185 ,2111 ,1654 ,26 ,384 ,12 ,387 ,2038 
2019-11-26,3847 ,757 ,2140 ,3548 ,105 ,470 ,6141 ,6178 ,768 ,1536 ,263 ,117 ,1062 ,200 ,94 ,46 ,304 ,139 ,374 ,143 ,150 ,36 ,185 ,1792 ,1364 ,26 ,327 ,11 ,380 ,2014 
2019-11-27,3905 ,786 ,2156 ,3558 ,111 ,500 ,5818 ,6097 ,421 ,1519 ,271 ,122 ,1118 ,202 ,97 ,48 ,340 ,141 ,360 ,141 ,148 ,24 ,189 ,1669 ,1270 ,25 ,292 ,11 ,378 ,1998 
2019-11-28,3922 ,795 ,2193 ,3605 ,115 ,498 ,6108 ,6143 ,560 ,1538 ,278 ,118 ,1106 ,207 ,100 ,47 ,347 ,142 ,413 ,140 ,145 ,19 ,187 ,1656 ,1300 ,26 ,296 ,10 ,382 ,2034 
2019-11-29,4179 ,875 ,2335 ,3932 ,149 ,607 ,6405 ,6261 ,257 ,1672 ,314 ,134 ,1259 ,246 ,118 ,50 ,402 ,163 ,371 ,146 ,163 ,19 ,182 ,1804 ,1393 ,27 ,299 ,10 ,407 ,2229 
2019-11-30,4267 ,1017 ,2612 ,4251 ,226 ,971 ,7407 ,6070 ,285 ,1782 ,475 ,181 ,1836 ,382 ,197 ,46 ,632 ,164 ,361 ,134 ,116 ,2 ,188 ,1267 ,1143 ,18 ,273 ,6 ,442 ,2301 
2019-12-01,3358 ,835 ,2188 ,3283 ,177 ,911 ,6295 ,5179 ,337 ,1158 ,352 ,111 ,1568 ,271 ,170 ,49 ,529 ,94 ,187 ,39 ,63 ,4 ,123 ,171 ,303 ,9 ,213 ,0 ,227 ,1760 
2019-12-02,3641 ,656 ,2093 ,3198 ,90 ,447 ,6245 ,5901 ,1188 ,1489 ,252 ,117 ,1063 ,191 ,91 ,49 ,333 ,118 ,402 ,149 ,251 ,71 ,205 ,2140 ,1691 ,23 ,434 ,11 ,397 ,2116 
2019-12-03,3764 ,732 ,2124 ,3410 ,108 ,470 ,6072 ,6009 ,266 ,1469 ,255 ,117 ,1013 ,190 ,93 ,43 ,299 ,115 ,351 ,139 ,202 ,37 ,198 ,1772 ,1359 ,24 ,374 ,10 ,382 ,2029 
2019-12-04,3833 ,771 ,2147 ,3515 ,110 ,485 ,6201 ,6092 ,296 ,1486 ,269 ,121 ,1048 ,198 ,93 ,48 ,346 ,128 ,375 ,140 ,172 ,24 ,204 ,1690 ,1305 ,23 ,325 ,11 ,387 ,2024 
2019-12-05,3819 ,765 ,2143 ,3440 ,111 ,509 ,6017 ,5944 ,663 ,1451 ,285 ,120 ,1001 ,200 ,98 ,48 ,343 ,124 ,735 ,138 ,147 ,16 ,205 ,1644 ,1289 ,23 ,341 ,11 ,383 ,2102 
2019-12-06,4028 ,835 ,2261 ,3751 ,145 ,647 ,6377 ,6060 ,519 ,1564 ,310 ,136 ,1152 ,232 ,115 ,50 ,400 ,132 ,333 ,143 ,137 ,13 ,190 ,1773 ,1373 ,22 ,299 ,11 ,416 ,2252 
2019-12-07,4138 ,972 ,2564 ,4061 ,227 ,1006 ,7541 ,5869 ,267 ,1664 ,471 ,181 ,1711 ,372 ,198 ,45 ,646 ,148 ,345 ,131 ,103 ,1 ,197 ,1284 ,1173 ,18 ,271 ,6 ,450 ,2257 
2019-12-08,3586 ,878 ,2336 ,3507 ,177 ,1031 ,5519 ,5513 ,266 ,1333 ,431 ,136 ,1554 ,339 ,175 ,52 ,555 ,111 ,202 ,53 ,51 ,1 ,160 ,173 ,308 ,8 ,223 ,0 ,271 ,1937 
2019-12-09,3612 ,665 ,2103 ,3221 ,95 ,436 ,6160 ,5968 ,256 ,1459 ,236 ,111 ,1005 ,186 ,97 ,49 ,325 ,113 ,387 ,151 ,140 ,12 ,199 ,2152 ,1736 ,24 ,368 ,13 ,394 ,2040 
2019-12-10,3762 ,753 ,2145 ,3481 ,116 ,462 ,5907 ,6212 ,362 ,1427 ,245 ,113 ,1005 ,190 ,97 ,45 ,305 ,114 ,1244 ,172 ,129 ,9 ,204 ,1795 ,1418 ,22 ,1204 ,11 ,379 ,1950 
2019-12-11,3824 ,785 ,2164 ,3508 ,125 ,496 ,5678 ,6219 ,606 ,1427 ,261 ,118 ,1058 ,193 ,101 ,46 ,356 ,128 ,370 ,136 ,115 ,7 ,201 ,1688 ,1317 ,23 ,301 ,11 ,381 ,1983 
2019-12-12,3891 ,802 ,2190 ,3578 ,130 ,522 ,6006 ,6130 ,281 ,1436 ,286 ,124 ,1090 ,206 ,107 ,52 ,363 ,154 ,338 ,136 ,105 ,5 ,203 ,1691 ,1328 ,24 ,302 ,11 ,386 ,2069 
2019-12-13,4135 ,887 ,2332 ,3917 ,172 ,632 ,6301 ,6324 ,245 ,1554 ,318 ,146 ,1266 ,251 ,127 ,49 ,426 ,163 ,340 ,139 ,103 ,123 ,200 ,1847 ,1434 ,24 ,294 ,11 ,410 ,2201 
2019-12-14,4265 ,1022 ,2625 ,4239 ,249 ,970 ,7300 ,6100 ,283 ,1665 ,474 ,193 ,1780 ,404 ,213 ,47 ,655 ,189 ,361 ,123 ,77 ,12 ,203 ,1315 ,1181 ,19 ,284 ,4 ,455 ,2259 
2019-12-15,3609 ,902 ,2340 ,3635 ,193 ,931 ,6677 ,5577 ,321 ,1254 ,408 ,142 ,1614 ,344 ,188 ,53 ,548 ,118 ,216 ,47 ,42 ,8 ,155 ,188 ,340 ,9 ,229 ,2 ,271 ,1915 
2019-12-16,3686 ,696 ,2159 ,3341 ,107 ,447 ,5995 ,6138 ,316 ,1450 ,241 ,119 ,1094 ,192 ,104 ,51 ,344 ,117 ,830 ,148 ,133 ,283 ,210 ,2221 ,1770 ,24 ,643 ,13 ,392 ,1997 
2019-12-17,3730 ,757 ,2118 ,3405 ,124 ,473 ,5778 ,6043 ,277 ,1378 ,235 ,112 ,1065 ,187 ,103 ,48 ,315 ,110 ,348 ,128 ,121 ,209 ,196 ,1856 ,1406 ,23 ,280 ,11 ,377 ,1863 
2019-12-18,3831 ,790 ,2190 ,3552 ,130 ,520 ,5950 ,6085 ,599 ,1414 ,277 ,126 ,1137 ,199 ,109 ,50 ,366 ,122 ,363 ,135 ,123 ,148 ,216 ,1783 ,1361 ,25 ,278 ,11 ,383 ,2013 
2019-12-19,3855 ,815 ,2198 ,3539 ,135 ,558 ,5847 ,6025 ,364 ,1414 ,301 ,132 ,1222 ,206 ,114 ,49 ,370 ,125 ,338 ,133 ,108 ,104 ,217 ,1756 ,1375 ,24 ,272 ,10 ,382 ,2065 
2019-12-20,4134 ,888 ,2330 ,3849 ,178 ,668 ,6211 ,6189 ,479 ,1545 ,333 ,144 ,1377 ,241 ,133 ,50 ,425 ,137 ,704 ,137 ,117 ,85 ,271 ,1907 ,1478 ,24 ,635 ,10 ,405 ,2201 
2019-12-21,4259 ,1014 ,2556 ,4111 ,256 ,1005 ,7310 ,5899 ,299 ,1650 ,471 ,188 ,1932 ,366 ,217 ,50 ,639 ,145 ,352 ,117 ,83 ,12 ,213 ,1337 ,1208 ,18 ,266 ,4 ,426 ,2207 
2019-12-22,3749 ,904 ,2312 ,3580 ,198 ,1047 ,5200 ,5463 ,302 ,1339 ,450 ,147 ,1797 ,353 ,190 ,53 ,536 ,118 ,209 ,45 ,43 ,10 ,184 ,186 ,327 ,8 ,212 ,0 ,268 ,1874 
2019-12-23,3699 ,725 ,2192 ,3292 ,116 ,612 ,6421 ,5781 ,415 ,1428 ,312 ,142 ,1274 ,231 ,124 ,46 ,360 ,145 ,372 ,230 ,151 ,70 ,269 ,2306 ,1846 ,25 ,268 ,12 ,396 ,2034 
2019-12-24,4215 ,1000 ,3052 ,4116 ,167 ,845 ,7132 ,6055 ,330 ,1619 ,371 ,172 ,1441 ,353 ,146 ,48 ,351 ,155 ,344 ,136 ,140 ,49 ,324 ,1974 ,1570 ,25 ,281 ,11 ,408 ,2138 
2019-12-25,4067 ,1141 ,2578 ,3950 ,213 ,1132 ,6367 ,5217 ,363 ,1399 ,491 ,176 ,1985 ,414 ,203 ,51 ,406 ,129 ,229 ,73 ,28 ,7 ,194 ,211 ,398 ,9 ,219 ,1 ,302 ,1865 
2019-12-26,3734 ,786 ,2032 ,3316 ,134 ,532 ,5656 ,5645 ,1011 ,1355 ,252 ,121 ,1286 ,195 ,145 ,50 ,365 ,130 ,1273 ,151 ,166 ,34 ,167 ,2114 ,1706 ,29 ,367 ,11 ,386 ,1973 
2019-12-27,4121 ,888 ,2283 ,3810 ,177 ,610 ,6137 ,5920 ,721 ,1523 ,286 ,136 ,1413 ,227 ,151 ,51 ,423 ,141 ,379 ,129 ,185 ,23 ,173 ,2041 ,1604 ,28 ,271 ,11 ,418 ,2207 
2019-12-28,4240 ,987 ,2474 ,4068 ,261 ,870 ,7032 ,5724 ,260 ,1697 ,408 ,175 ,1888 ,341 ,220 ,53 ,603 ,144 ,405 ,117 ,112 ,3 ,178 ,1357 ,1247 ,19 ,252 ,3 ,413 ,2177 
2019-12-29,3517 ,861 ,2158 ,3398 ,202 ,834 ,6161 ,5086 ,273 ,1234 ,333 ,117 ,1725 ,279 ,206 ,47 ,492 ,97 ,215 ,42 ,56 ,2 ,129 ,194 ,355 ,8 ,198 ,0 ,233 ,1731 
2019-12-30,3914 ,786 ,2238 ,3494 ,137 ,575 ,6178 ,5697 ,284 ,1541 ,270 ,134 ,1439 ,227 ,152 ,45 ,386 ,144 ,424 ,134 ,169 ,14 ,189 ,2422 ,1923 ,29 ,263 ,12 ,437 ,2043 
2019-12-31,4241 ,942 ,2786 ,4001 ,174 ,738 ,7314 ,5747 ,911 ,2046 ,290 ,146 ,1569 ,266 ,178 ,47 ,415 ,128 ,428 ,116 ,135 ,14 ,189 ,2011 ,1607 ,27 ,286 ,11 ,442 ,2310 
2020-01-01,3339 ,727 ,2089 ,3177 ,179 ,325 ,6440 ,4850 ,289 ,1276 ,312 ,94 ,1713 ,241 ,193 ,44 ,381 ,82 ,167 ,28 ,39 ,4 ,101 ,170 ,319 ,8 ,158 ,0 ,210 ,1750 
2020-01-02,3516 ,715 ,2058 ,3204 ,96 ,535 ,5842 ,5415 ,423 ,1322 ,243 ,127 ,1338 ,224 ,126 ,49 ,391 ,132 ,363 ,125 ,269 ,36 ,208 ,2042 ,1719 ,24 ,359 ,5 ,390 ,1966 
2020-01-03,3956 ,856 ,2253 ,3669 ,142 ,584 ,6072 ,5768 ,218 ,1466 ,253 ,128 ,1385 ,234 ,132 ,46 ,407 ,137 ,338 ,125 ,232 ,23 ,194 ,1951 ,1566 ,23 ,261 ,9 ,393 ,2066 
2020-01-04,4040 ,934 ,2412 ,3917 ,211 ,866 ,6894 ,5486 ,236 ,1609 ,382 ,163 ,1824 ,322 ,200 ,49 ,603 ,144 ,334 ,116 ,124 ,4 ,181 ,1324 ,1222 ,18 ,253 ,4 ,406 ,2082 
2020-01-05,3384 ,824 ,2153 ,3313 ,162 ,809 ,6212 ,4993 ,237 ,1183 ,317 ,117 ,1632 ,271 ,173 ,50 ,509 ,96 ,192 ,41 ,60 ,4 ,134 ,185 ,342 ,8 ,200 ,0 ,235 ,1762 
2020-01-06,3418 ,649 ,1943 ,2950 ,92 ,407 ,5488 ,5386 ,706 ,1271 ,183 ,96 ,1111 ,174 ,104 ,50 ,324 ,97 ,724 ,118 ,255 ,40 ,184 ,2200 ,1745 ,24 ,285 ,9 ,352 ,1816 
2020-01-07,3406 ,707 ,1900 ,2959 ,103 ,427 ,5224 ,5207 ,229 ,1176 ,168 ,89 ,1044 ,172 ,98 ,45 ,285 ,95 ,293 ,96 ,195 ,23 ,149 ,1770 ,1322 ,23 ,224 ,9 ,334 ,1709 
2020-01-08,3670 ,767 ,2146 ,3309 ,109 ,471 ,5788 ,5615 ,586 ,1400 ,219 ,112 ,1142 ,203 ,102 ,53 ,350 ,119 ,347 ,118 ,173 ,18 ,179 ,1706 ,1341 ,22 ,364 ,9 ,360 ,1940 
2020-01-09,3735 ,790 ,2154 ,3392 ,113 ,480 ,5903 ,5649 ,262 ,1399 ,237 ,116 ,1146 ,200 ,110 ,51 ,357 ,134 ,311 ,125 ,140 ,13 ,174 ,1710 ,1346 ,23 ,244 ,9 ,370 ,2007 
2020-01-10,4051 ,873 ,2306 ,3758 ,146 ,566 ,6119 ,5926 ,385 ,1507 ,268 ,127 ,1284 ,212 ,127 ,51 ,401 ,151 ,1219 ,158 ,131 ,10 ,183 ,1827 ,1426 ,24 ,1135 ,9 ,387 ,2093 
2020-01-11,4157 ,978 ,2472 ,4033 ,223 ,876 ,7163 ,5658 ,549 ,1672 ,402 ,171 ,1828 ,325 ,214 ,51 ,623 ,168 ,337 ,114 ,78 ,1 ,167 ,1279 ,1150 ,20 ,281 ,4 ,419 ,2146 
2020-01-12,3496 ,864 ,2227 ,3414 ,168 ,882 ,5102 ,5137 ,282 ,1326 ,347 ,120 ,1681 ,277 ,190 ,54 ,526 ,107 ,200 ,46 ,39 ,1 ,129 ,169 ,298 ,8 ,209 ,0 ,247 ,1802 
2020-01-13,3535 ,668 ,2065 ,3110 ,88 ,432 ,6063 ,5533 ,301 ,1414 ,224 ,111 ,1122 ,171 ,113 ,53 ,341 ,118 ,371 ,131 ,146 ,9 ,168 ,2147 ,1700 ,23 ,247 ,10 ,371 ,2009 
2020-01-14,3653 ,739 ,2107 ,3297 ,101 ,455 ,5883 ,5598 ,270 ,1420 ,233 ,106 ,1093 ,176 ,110 ,47 ,316 ,116 ,312 ,120 ,128 ,132 ,161 ,1805 ,1386 ,23 ,236 ,10 ,362 ,1976 
2020-01-15,3719 ,770 ,2132 ,3350 ,103 ,480 ,5888 ,5640 ,336 ,1429 ,235 ,112 ,1117 ,180 ,111 ,48 ,358 ,122 ,791 ,124 ,121 ,91 ,163 ,1668 ,1298 ,23 ,587 ,10 ,362 ,2002 
2020-01-16,3737 ,785 ,2162 ,3409 ,111 ,489 ,5889 ,5668 ,546 ,1458 ,244 ,114 ,1131 ,186 ,116 ,48 ,368 ,131 ,314 ,122 ,109 ,203 ,162 ,1679 ,1330 ,21 ,248 ,10 ,363 ,2021 
2020-01-17,4019 ,856 ,2277 ,3733 ,143 ,569 ,6204 ,5923 ,320 ,1594 ,268 ,123 ,1258 ,217 ,129 ,50 ,417 ,132 ,346 ,124 ,106 ,166 ,160 ,1828 ,1435 ,24 ,254 ,10 ,381 ,2119 
2020-01-18,4177 ,980 ,2465 ,4023 ,214 ,890 ,7222 ,5657 ,267 ,1793 ,405 ,164 ,1803 ,347 ,214 ,48 ,674 ,143 ,349 ,117 ,71 ,20 ,158 ,1283 ,1161 ,19 ,258 ,5 ,420 ,2167 
2020-01-19,3387 ,833 ,2150 ,3313 ,166 ,861 ,6583 ,5017 ,276 ,1399 ,337 ,116 ,1632 ,282 ,186 ,48 ,579 ,103 ,196 ,43 ,36 ,16 ,114 ,174 ,326 ,8 ,206 ,0 ,233 ,1801 
2020-01-20,3571 ,681 ,2075 ,3165 ,93 ,472 ,6130 ,5573 ,525 ,1616 ,218 ,109 ,1127 ,172 ,108 ,43 ,389 ,120 ,723 ,139 ,136 ,182 ,214 ,2184 ,1748 ,24 ,593 ,10 ,382 ,2052 
2020-01-21,3720 ,765 ,2169 ,3363 ,105 ,519 ,6315 ,5674 ,255 ,1723 ,231 ,112 ,1125 ,184 ,102 ,44 ,394 ,123 ,293 ,123 ,128 ,116 ,155 ,1859 ,1468 ,25 ,255 ,10 ,384 ,2087 
2020-01-22,3767 ,797 ,2163 ,3458 ,119 ,562 ,6651 ,5714 ,210 ,1985 ,239 ,111 ,1209 ,185 ,95 ,49 ,448 ,123 ,277 ,206 ,125 ,78 ,152 ,1797 ,1458 ,24 ,241 ,9 ,387 ,2093 
2020-01-23,4073 ,890 ,2429 ,3986 ,154 ,736 ,8795 ,5882 ,281 ,2937 ,304 ,147 ,1513 ,251 ,114 ,55 ,594 ,147 ,298 ,117 ,117 ,62 ,167 ,2083 ,1872 ,24 ,268 ,10 ,436 ,2557 
2020-01-24,2460 ,554 ,2141 ,3181 ,180 ,383 ,9220 ,5093 ,180 ,2991 ,305 ,102 ,1720 ,240 ,161 ,51 ,520 ,91 ,135 ,47 ,20 ,5 ,88 ,232 ,578 ,9 ,180 ,0 ,190 ,2193 
2020-01-25,1266 ,268 ,1715 ,2394 ,137 ,72 ,4005 ,5077 ,149 ,916 ,133 ,34 ,1486 ,130 ,155 ,39 ,151 ,33 ,105 ,10 ,11 ,1 ,30 ,109 ,205 ,8 ,99 ,0 ,119 ,1735 
2020-01-26,2587 ,638 ,2111 ,3373 ,183 ,821 ,4501 ,5050 ,217 ,1016 ,334 ,97 ,1893 ,255 ,202 ,44 ,306 ,81 ,141 ,22 ,19 ,2 ,88 ,156 ,356 ,8 ,177 ,0 ,179 ,1719 
2020-01-27,2664 ,693 ,1969 ,2904 ,145 ,763 ,5406 ,4475 ,253 ,801 ,275 ,106 ,1685 ,212 ,163 ,41 ,447 ,88 ,149 ,37 ,35 ,6 ,96 ,585 ,770 ,10 ,188 ,0 ,201 ,1535 
2020-01-28,3231 ,664 ,2052 ,3034 ,89 ,402 ,5667 ,5435 ,1167 ,1047 ,199 ,120 ,1161 ,174 ,96 ,41 ,346 ,129 ,1316 ,153 ,165 ,43 ,155 ,2228 ,2189 ,31 ,357 ,10 ,391 ,1874 
2020-01-29,3369 ,707 ,2046 ,3151 ,102 ,394 ,5476 ,5545 ,601 ,1139 ,195 ,112 ,1086 ,168 ,94 ,38 ,328 ,129 ,360 ,123 ,176 ,31 ,153 ,1743 ,1666 ,30 ,235 ,12 ,360 ,1842 
2020-01-30,3464 ,729 ,2076 ,3244 ,104 ,399 ,5496 ,5587 ,245 ,1183 ,217 ,115 ,1071 ,176 ,93 ,36 ,321 ,126 ,323 ,125 ,169 ,24 ,154 ,1682 ,1574 ,28 ,238 ,10 ,358 ,1884 
2020-01-31,3713 ,789 ,2225 ,3510 ,129 ,452 ,5817 ,5807 ,928 ,1292 ,221 ,116 ,1170 ,187 ,106 ,35 ,341 ,127 ,343 ,126 ,185 ,21 ,151 ,1758 ,1749 ,29 ,265 ,10 ,372 ,2020 
2020-02-01,3546 ,824 ,2272 ,3519 ,185 ,606 ,6472 ,5263 ,221 ,1368 ,295 ,141 ,1485 ,263 ,166 ,30 ,512 ,122 ,303 ,111 ,127 ,6 ,143 ,1178 ,1326 ,19 ,229 ,4 ,361 ,1906 
2020-02-02,2833 ,697 ,1991 ,2871 ,143 ,539 ,5711 ,4694 ,225 ,1006 ,230 ,99 ,1327 ,213 ,139 ,32 ,403 ,83 ,159 ,36 ,64 ,4 ,103 ,135 ,363 ,8 ,174 ,0 ,179 ,1596 
2020-02-03,3089 ,574 ,1935 ,2778 ,77 ,299 ,5394 ,5252 ,424 ,1232 ,161 ,93 ,1016 ,145 ,83 ,30 ,266 ,101 ,345 ,131 ,260 ,59 ,151 ,1885 ,1844 ,27 ,308 ,10 ,338 ,1859 
2020-02-04,3187 ,644 ,1916 ,2926 ,89 ,321 ,5246 ,5269 ,266 ,1207 ,160 ,88 ,974 ,145 ,86 ,24 ,241 ,102 ,283 ,115 ,203 ,33 ,144 ,1575 ,1429 ,22 ,240 ,9 ,316 ,1825 
2020-02-05,3184 ,652 ,1895 ,2880 ,87 ,330 ,5198 ,5128 ,662 ,1186 ,154 ,89 ,968 ,144 ,84 ,26 ,263 ,101 ,666 ,109 ,167 ,21 ,149 ,1409 ,1285 ,21 ,275 ,9 ,309 ,1839 
2020-02-06,3181 ,669 ,1910 ,2937 ,92 ,333 ,5404 ,5180 ,531 ,1249 ,158 ,92 ,970 ,156 ,84 ,25 ,271 ,100 ,268 ,112 ,138 ,14 ,141 ,1386 ,1304 ,19 ,222 ,9 ,317 ,1869 
2020-02-07,3442 ,750 ,2088 ,3302 ,123 ,391 ,6005 ,5485 ,225 ,1526 ,174 ,99 ,1096 ,171 ,94 ,24 ,312 ,108 ,282 ,117 ,131 ,10 ,144 ,1530 ,1413 ,22 ,236 ,10 ,338 ,1968 
2020-02-08,3363 ,800 ,2245 ,3445 ,186 ,562 ,6654 ,5166 ,201 ,1542 ,261 ,133 ,1460 ,254 ,158 ,25 ,497 ,120 ,280 ,108 ,85 ,1 ,142 ,1079 ,1113 ,16 ,233 ,4 ,348 ,1979 
2020-02-09,2890 ,729 ,2050 ,2992 ,148 ,578 ,4651 ,4782 ,226 ,1130 ,227 ,97 ,1367 ,218 ,140 ,29 ,405 ,83 ,151 ,38 ,42 ,1 ,108 ,116 ,258 ,7 ,181 ,0 ,183 ,1641 
2020-02-10,3210 ,626 ,1982 ,2961 ,90 ,113 ,5676 ,5384 ,406 ,1284 ,179 ,102 ,1072 ,164 ,88 ,25 ,296 ,112 ,1199 ,167 ,147 ,12 ,164 ,1797 ,1557 ,23 ,1158 ,11 ,339 ,1836 
2020-02-11,3349 ,701 ,2029 ,3182 ,106 ,400 ,5633 ,5562 ,576 ,1287 ,191 ,102 ,1076 ,174 ,87 ,24 ,275 ,112 ,288 ,124 ,128 ,9 ,158 ,1535 ,1264 ,21 ,231 ,9 ,324 ,1799 
2020-02-12,3259 ,705 ,1897 ,2974 ,111 ,400 ,5012 ,5334 ,280 ,1165 ,158 ,86 ,1034 ,147 ,85 ,23 ,290 ,95 ,276 ,104 ,108 ,6 ,137 ,1367 ,1061 ,21 ,219 ,9 ,296 ,1593 
2020-02-13,3461 ,749 ,2119 ,3302 ,113 ,473 ,6027 ,5781 ,255 ,1355 ,216 ,108 ,1103 ,192 ,90 ,24 ,326 ,127 ,291 ,124 ,106 ,115 ,175 ,1433 ,1168 ,22 ,239 ,9 ,324 ,1851 
2020-02-14,3814 ,863 ,2320 ,3752 ,148 ,582 ,6340 ,6388 ,238 ,1493 ,248 ,122 ,1239 ,239 ,112 ,26 ,378 ,139 ,296 ,130 ,107 ,87 ,171 ,1554 ,1224 ,23 ,253 ,10 ,358 ,1975 
2020-02-15,3824 ,907 ,2324 ,3834 ,219 ,754 ,6812 ,5667 ,287 ,1595 ,353 ,154 ,1617 ,306 ,181 ,26 ,560 ,140 ,300 ,118 ,68 ,10 ,155 ,1079 ,970 ,17 ,257 ,4 ,362 ,1968 
2020-02-16,2942 ,747 ,1967 ,2945 ,159 ,680 ,5771 ,4575 ,280 ,1049 ,244 ,92 ,1413 ,202 ,156 ,29 ,432 ,81 ,156 ,34 ,33 ,9 ,95 ,108 ,224 ,8 ,192 ,0 ,170 ,1517 
2020-02-17,3111 ,592 ,1873 ,2772 ,84 ,352 ,5276 ,5107 ,284 ,1194 ,152 ,88 ,1039 ,133 ,95 ,27 ,281 ,98 ,758 ,116 ,120 ,295 ,135 ,1673 ,1285 ,22 ,584 ,9 ,295 ,1739 
2020-02-18,3337 ,687 ,2006 ,3101 ,97 ,386 ,5583 ,5299 ,524 ,1299 ,180 ,96 ,1059 ,162 ,92 ,24 ,279 ,107 ,280 ,119 ,120 ,209 ,149 ,1506 ,1179 ,21 ,230 ,10 ,327 ,1876 
2020-02-19,3397 ,723 ,2030 ,3207 ,103 ,382 ,5685 ,5477 ,338 ,1357 ,195 ,102 ,1072 ,172 ,94 ,23 ,317 ,113 ,308 ,124 ,109 ,136 ,149 ,1427 ,1222 ,21 ,216 ,10 ,338 ,1888 
2020-02-20,3378 ,728 ,2065 ,3222 ,104 ,368 ,5751 ,5609 ,471 ,1386 ,196 ,101 ,1067 ,185 ,93 ,24 ,309 ,114 ,659 ,132 ,105 ,92 ,205 ,1385 ,1296 ,22 ,547 ,10 ,326 ,1845 
2020-02-21,3406 ,745 ,2055 ,3317 ,123 ,381 ,6235 ,5805 ,259 ,1506 ,184 ,97 ,1077 ,188 ,100 ,25 ,319 ,113 ,281 ,129 ,98 ,65 ,141 ,1457 ,1507 ,22 ,204 ,9 ,327 ,1853 
2020-02-22,3005 ,724 ,2100 ,3060 ,166 ,469 ,7245 ,5140 ,263 ,1637 ,217 ,107 ,1267 ,221 ,146 ,23 ,443 ,106 ,279 ,114 ,62 ,9 ,125 ,967 ,1212 ,16 ,175 ,4 ,304 ,1785 
2020-02-23,2360 ,612 ,1866 ,2501 ,117 ,388 ,5137 ,4707 ,280 ,1247 ,163 ,69 ,1104 ,177 ,119 ,26 ,312 ,75 ,132 ,37 ,32 ,7 ,89 ,100 ,298 ,6 ,125 ,0 ,148 ,1473 
2020-02-24,2575 ,497 ,1792 ,2444 ,63 ,214 ,6679 ,5263 ,462 ,1469 ,117 ,77 ,814 ,129 ,67 ,19 ,203 ,90 ,286 ,228 ,67 ,45 ,126 ,1514 ,1872 ,25 ,179 ,10 ,284 ,1664 
2020-02-25,2444 ,519 ,1675 ,2312 ,71 ,216 ,5780 ,4865 ,509 ,1248 ,94 ,62 ,770 ,104 ,59 ,17 ,162 ,77 ,1093 ,127 ,48 ,31 ,104 ,1168 ,1342 ,23 ,239 ,8 ,233 ,1417 
2020-02-26,2578 ,551 ,1826 ,2534 ,71 ,228 ,5961 ,5129 ,831 ,1433 ,121 ,75 ,808 ,131 ,60 ,14 ,206 ,90 ,281 ,128 ,46 ,21 ,125 ,1138 ,1336 ,23 ,201 ,9 ,268 ,1633 
2020-02-27,2574 ,555 ,1821 ,2553 ,73 ,227 ,5984 ,5084 ,730 ,1381 ,124 ,76 ,802 ,133 ,63 ,14 ,204 ,92 ,253 ,127 ,44 ,15 ,123 ,1102 ,1297 ,22 ,173 ,9 ,263 ,1618 
2020-02-28,2624 ,562 ,1780 ,2553 ,94 ,250 ,5812 ,5034 ,247 ,1345 ,104 ,68 ,824 ,121 ,68 ,14 ,208 ,85 ,287 ,114 ,53 ,0 ,106 ,1159 ,1289 ,23 ,181 ,6 ,252 ,1573 
2020-02-29,2562 ,598 ,2004 ,2701 ,123 ,355 ,7115 ,4842 ,261 ,1691 ,177 ,98 ,1064 ,210 ,101 ,11 ,348 ,90 ,252 ,123 ,47 ,0 ,111 ,823 ,1149 ,15 ,166 ,4 ,270 ,1696 
2020-03-01,2024 ,510 ,1773 ,2151 ,102 ,304 ,5899 ,4251 ,349 ,1101 ,128 ,64 ,981 ,155 ,88 ,13 ,257 ,54 ,119 ,38 ,26 ,0 ,70 ,75 ,290 ,2 ,118 ,0 ,109 ,1308 
2020-03-02,2492 ,472 ,1858 ,2360 ,63 ,182 ,5920 ,4936 ,1166 ,1376 ,120 ,80 ,840 ,133 ,54 ,12 ,213 ,86 ,298 ,145 ,99 ,35 ,140 ,1381 ,1652 ,21 ,288 ,11 ,292 ,1670 
2020-03-03,2612 ,516 ,1851 ,2470 ,74 ,244 ,5870 ,4970 ,314 ,1419 ,118 ,75 ,832 ,131 ,58 ,10 ,193 ,79 ,260 ,134 ,86 ,31 ,133 ,1166 ,1280 ,18 ,201 ,13 ,266 ,1615 
2020-03-04,2579 ,541 ,1787 ,2451 ,76 ,245 ,5561 ,4842 ,320 ,1288 ,117 ,73 ,832 ,125 ,59 ,11 ,221 ,75 ,268 ,128 ,78 ,18 ,128 ,1084 ,1172 ,17 ,175 ,11 ,258 ,1613 
2020-03-05,2638 ,557 ,1838 ,2563 ,70 ,252 ,5644 ,4926 ,653 ,1329 ,125 ,76 ,828 ,139 ,60 ,11 ,229 ,82 ,615 ,131 ,71 ,13 ,140 ,1081 ,1201 ,18 ,216 ,11 ,263 ,1657 
2020-03-06,2893 ,627 ,1981 ,2880 ,90 ,300 ,6075 ,5223 ,518 ,1496 ,145 ,83 ,908 ,163 ,68 ,14 ,265 ,87 ,261 ,132 ,74 ,7 ,132 ,1215 ,1554 ,19 ,182 ,10 ,287 ,1763 
2020-03-07,2799 ,659 ,2067 ,2885 ,128 ,430 ,6912 ,4870 ,230 ,1662 ,211 ,103 ,1110 ,234 ,108 ,12 ,404 ,90 ,247 ,120 ,62 ,1 ,118 ,850 ,1239 ,13 ,175 ,4 ,278 ,1665 
2020-03-08,2447 ,615 ,1964 ,2627 ,102 ,440 ,4989 ,4719 ,238 ,1316 ,197 ,80 ,1049 ,226 ,94 ,14 ,313 ,67 ,124 ,45 ,37 ,0 ,90 ,75 ,285 ,4 ,134 ,0 ,152 ,1463 
2020-03-09,2609 ,501 ,1844 ,2495 ,66 ,239 ,5878 ,5074 ,264 ,1354 ,135 ,81 ,852 ,146 ,56 ,11 ,232 ,86 ,324 ,143 ,103 ,7 ,141 ,1394 ,1807 ,18 ,256 ,14 ,285 ,1607 
2020-03-10,2588 ,537 ,1734 ,2400 ,76 ,232 ,5360 ,4799 ,383 ,1206 ,112 ,68 ,783 ,119 ,57 ,8 ,199 ,76 ,1150 ,144 ,82 ,6 ,123 ,1149 ,1522 ,16 ,1068 ,10 ,246 ,1456 
2020-03-11,2782 ,592 ,1935 ,2726 ,74 ,270 ,5657 ,5111 ,748 ,1409 ,146 ,85 ,857 ,157 ,62 ,8 ,258 ,96 ,299 ,136 ,73 ,4 ,144 ,1129 ,1601 ,18 ,191 ,11 ,286 ,1727 
2020-03-12,2772 ,595 ,1926 ,2746 ,75 ,271 ,5864 ,5194 ,304 ,1393 ,153 ,84 ,834 ,164 ,62 ,7 ,254 ,92 ,277 ,133 ,63 ,3 ,140 ,1109 ,1588 ,18 ,179 ,11 ,277 ,1698 
2020-03-13,3000 ,647 ,2063 ,2998 ,90 ,342 ,6220 ,5452 ,264 ,1520 ,165 ,89 ,887 ,197 ,73 ,11 ,292 ,97 ,284 ,136 ,63 ,44 ,143 ,1242 ,1633 ,18 ,179 ,11 ,297 ,1798 
2020-03-14,3062 ,731 ,2271 ,3151 ,128 ,534 ,7176 ,5312 ,264 ,1770 ,253 ,118 ,1108 ,336 ,117 ,11 ,447 ,108 ,312 ,130 ,55 ,6 ,135 ,872 ,1584 ,12 ,189 ,4 ,309 ,1850 
2020-03-15,2431 ,603 ,1823 ,2469 ,103 ,455 ,5918 ,4325 ,301 ,1155 ,191 ,73 ,993 ,214 ,100 ,13 ,335 ,65 ,125 ,41 ,30 ,4 ,84 ,76 ,367 ,3 ,141 ,0 ,142 ,1475 
2020-03-16,2682 ,503 ,1845 ,2498 ,61 ,183 ,5799 ,4974 ,312 ,1377 ,138 ,80 ,838 ,158 ,59 ,10 ,255 ,84 ,760 ,148 ,82 ,169 ,146 ,1440 ,1803 ,19 ,535 ,13 ,301 ,1715 
2020-03-17,2758 ,554 ,1863 ,2640 ,72 ,262 ,5706 ,5058 ,275 ,1357 ,140 ,78 ,814 ,156 ,61 ,8 ,228 ,82 ,287 ,136 ,75 ,248 ,141 ,1229 ,1576 ,18 ,179 ,11 ,277 ,1656 
2020-03-18,2876 ,613 ,1940 ,2862 ,77 ,279 ,5869 ,5296 ,588 ,1422 ,163 ,87 ,843 ,182 ,63 ,10 ,273 ,88 ,292 ,138 ,74 ,118 ,145 ,1168 ,1577 ,17 ,190 ,11 ,298 ,1694 
2020-03-19,2693 ,570 ,1788 ,2573 ,73 ,254 ,5401 ,4990 ,309 ,1266 ,131 ,71 ,779 ,137 ,62 ,9 ,249 ,74 ,242 ,127 ,63 ,111 ,123 ,1107 ,1528 ,17 ,178 ,10 ,262 ,1600 
2020-03-20,3139 ,677 ,2089 ,3147 ,95 ,342 ,6296 ,5448 ,461 ,1594 ,183 ,93 ,911 ,204 ,72 ,11 ,311 ,95 ,667 ,146 ,69 ,69 ,187 ,1298 ,1688 ,19 ,541 ,11 ,314 ,1864 
2020-03-21,3244 ,755 ,2254 ,3391 ,140 ,524 ,7299 ,5391 ,259 ,1836 ,294 ,123 ,1105 ,331 ,119 ,10 ,456 ,98 ,298 ,142 ,56 ,9 ,128 ,899 ,1726 ,15 ,195 ,6 ,324 ,1872 
2020-03-22,2725 ,662 ,2033 ,2892 ,111 ,514 ,5079 ,4933 ,275 ,1396 ,253 ,86 ,1000 ,288 ,102 ,11 ,336 ,70 ,131 ,51 ,29 ,7 ,91 ,77 ,449 ,3 ,143 ,1 ,175 ,1562 
2020-03-23,2738 ,524 ,1898 ,2652 ,57 ,251 ,6073 ,5238 ,393 ,1422 ,163 ,82 ,804 ,185 ,60 ,10 ,254 ,87 ,334 ,249 ,84 ,50 ,143 ,1459 ,1859 ,20 ,206 ,11 ,308 ,1690 
2020-03-24,2838 ,587 ,1947 ,2820 ,58 ,266 ,5892 ,5297 ,350 ,1424 ,171 ,81 ,779 ,187 ,60 ,10 ,226 ,83 ,296 ,144 ,77 ,30 ,141 ,1243 ,1630 ,21 ,196 ,11 ,291 ,1660 
2020-03-25,2979 ,632 ,2006 ,2979 ,60 ,289 ,5883 ,5471 ,560 ,1474 ,190 ,89 ,784 ,198 ,63 ,10 ,267 ,122 ,1203 ,164 ,80 ,23 ,141 ,1172 ,1610 ,21 ,284 ,11 ,299 ,1662 
2020-03-26,2849 ,604 ,1880 ,2779 ,60 ,286 ,5728 ,5269 ,805 ,1364 ,168 ,78 ,748 ,174 ,60 ,8 ,252 ,105 ,279 ,129 ,76 ,16 ,128 ,1154 ,1558 ,22 ,230 ,10 ,276 ,1549 
2020-03-27,3116 ,686 ,2094 ,3122 ,71 ,366 ,6322 ,5423 ,693 ,1557 ,197 ,92 ,839 ,203 ,68 ,8 ,308 ,113 ,295 ,138 ,81 ,12 ,136 ,1318 ,1668 ,22 ,209 ,11 ,316 ,1706 
2020-03-28,3211 ,758 ,2267 ,3278 ,103 ,551 ,7259 ,5144 ,249 ,1814 ,300 ,119 ,1050 ,330 ,110 ,8 ,443 ,121 ,360 ,139 ,67 ,1 ,127 ,900 ,1756 ,14 ,204 ,5 ,318 ,1839 
2020-03-29,2698 ,673 ,2033 ,2834 ,82 ,495 ,6336 ,4726 ,258 ,1302 ,256 ,83 ,953 ,287 ,96 ,10 ,333 ,66 ,140 ,50 ,35 ,1 ,88 ,80 ,451 ,3 ,155 ,0 ,169 ,1562 
2020-03-30,2843 ,544 ,1943 ,2746 ,49 ,269 ,5951 ,5292 ,285 ,1437 ,172 ,89 ,780 ,193 ,57 ,8 ,257 ,93 ,335 ,158 ,99 ,12 ,139 ,1499 ,1878 ,24 ,207 ,14 ,318 ,1704 
2020-03-31,2984 ,617 ,2065 ,2955 ,57 ,297 ,5965 ,5425 ,938 ,1439 ,181 ,89 ,777 ,200 ,60 ,9 ,236 ,95 ,315 ,147 ,102 ,11 ,136 ,1264 ,1655 ,21 ,220 ,12 ,312 ,1689 
2020-04-01,2986 ,635 ,2022 ,2916 ,59 ,291 ,5822 ,5355 ,447 ,1419 ,187 ,88 ,797 ,198 ,61 ,8 ,276 ,83 ,326 ,142 ,121 ,7 ,140 ,1197 ,1602 ,19 ,336 ,11 ,309 ,1690 
2020-04-02,3006 ,639 ,2022 ,2964 ,59 ,300 ,5871 ,5388 ,566 ,1448 ,190 ,87 ,790 ,207 ,63 ,8 ,275 ,82 ,283 ,143 ,111 ,6 ,138 ,1180 ,1594 ,18 ,225 ,11 ,310 ,1730 
2020-04-03,3277 ,710 ,2184 ,3323 ,72 ,389 ,6343 ,5657 ,335 ,1617 ,212 ,97 ,867 ,238 ,71 ,8 ,310 ,90 ,285 ,149 ,106 ,6 ,138 ,1336 ,1678 ,19 ,221 ,11 ,329 ,1896 
2020-04-04,3336 ,778 ,2304 ,3444 ,105 ,585 ,7230 ,5239 ,263 ,1856 ,319 ,123 ,1044 ,360 ,115 ,8 ,435 ,93 ,288 ,149 ,86 ,0 ,126 ,925 ,1834 ,15 ,221 ,8 ,331 ,1948 
2020-04-05,2746 ,664 ,2042 ,2869 ,82 ,541 ,6302 ,4706 ,273 ,1304 ,262 ,85 ,942 ,305 ,97 ,10 ,316 ,65 ,130 ,51 ,48 ,0 ,87 ,81 ,430 ,3 ,165 ,0 ,166 ,1625 
2020-04-06,2818 ,533 ,1941 ,2713 ,57 ,281 ,5887 ,5287 ,724 ,1419 ,172 ,84 ,787 ,189 ,56 ,9 ,245 ,86 ,698 ,161 ,131 ,6 ,151 ,1515 ,1863 ,19 ,241 ,14 ,316 ,1705 
2020-04-07,2930 ,600 ,1997 ,2913 ,68 ,302 ,5854 ,5389 ,272 ,1414 ,176 ,84 ,768 ,194 ,60 ,8 ,226 ,89 ,292 ,147 ,113 ,5 ,139 ,1302 ,1634 ,18 ,206 ,12 ,298 ,1658 
2020-04-08,3008 ,634 ,2021 ,2949 ,70 ,317 ,5681 ,5387 ,611 ,1439 ,184 ,86 ,778 ,198 ,61 ,8 ,260 ,91 ,311 ,147 ,99 ,2 ,144 ,1226 ,1547 ,17 ,271 ,11 ,297 ,1657 
2020-04-09,3000 ,636 ,2005 ,2958 ,65 ,316 ,5853 ,5366 ,262 ,1418 ,186 ,83 ,776 ,197 ,63 ,8 ,260 ,87 ,271 ,142 ,88 ,1 ,139 ,1200 ,1523 ,18 ,206 ,10 ,298 ,1685 
2020-04-10,3343 ,723 ,2212 ,3355 ,84 ,404 ,6290 ,5684 ,378 ,1603 ,212 ,96 ,878 ,230 ,72 ,8 ,302 ,97 ,1201 ,186 ,87 ,1 ,146 ,1365 ,1617 ,19 ,1145 ,11 ,321 ,1821 
2020-04-11,3432 ,811 ,2382 ,3558 ,124 ,631 ,7403 ,5373 ,651 ,1856 ,336 ,131 ,1085 ,361 ,116 ,9 ,441 ,106 ,295 ,144 ,69 ,0 ,130 ,946 ,1887 ,15 ,221 ,5 ,324 ,1837 
2020-04-12,2714 ,682 ,2012 ,2837 ,97 ,612 ,4979 ,4709 ,283 ,1320 ,273 ,83 ,986 ,283 ,100 ,10 ,322 ,66 ,126 ,51 ,39 ,0 ,91 ,81 ,381 ,3 ,160 ,0 ,153 ,1469 
2020-04-13,2921 ,568 ,1987 ,2840 ,57 ,305 ,6125 ,5398 ,312 ,1509 ,194 ,92 ,807 ,204 ,59 ,8 ,255 ,87 ,316 ,157 ,100 ,47 ,149 ,1579 ,1769 ,21 ,219 ,14 ,320 ,1724 
2020-04-14,3279 ,724 ,2156 ,3332 ,84 ,343 ,6182 ,5736 ,280 ,1601 ,227 ,97 ,864 ,233 ,68 ,10 ,250 ,92 ,285 ,152 ,94 ,50 ,152 ,1416 ,1586 ,19 ,221 ,14 ,325 ,1722 
2020-04-15,3405 ,816 ,2370 ,3560 ,103 ,564 ,6867 ,5450 ,345 ,1691 ,358 ,126 ,1041 ,365 ,88 ,9 ,367 ,92 ,257 ,129 ,47 ,7 ,143 ,448 ,1266 ,9 ,198 ,5 ,263 ,1628 
2020-04-16,3057 ,646 ,2043 ,3101 ,69 ,328 ,5819 ,5633 ,598 ,1489 ,220 ,94 ,813 ,216 ,62 ,9 ,278 ,95 ,780 ,155 ,88 ,104 ,159 ,1392 ,1475 ,19 ,537 ,11 ,309 ,1636 
2020-04-17,3230 ,700 ,2011 ,3127 ,94 ,392 ,5898 ,5506 ,265 ,1518 ,189 ,86 ,825 ,194 ,73 ,9 ,293 ,88 ,287 ,129 ,89 ,195 ,136 ,1395 ,1385 ,19 ,222 ,11 ,308 ,1616 
2020-04-18,3622 ,856 ,2464 ,3859 ,135 ,683 ,7419 ,5666 ,281 ,2002 ,410 ,149 ,1164 ,427 ,118 ,10 ,458 ,117 ,319 ,155 ,69 ,21 ,155 ,987 ,1721 ,14 ,231 ,9 ,355 ,1889 
2020-04-19,2667 ,663 ,1851 ,2680 ,109 ,608 ,5739 ,4508 ,288 ,1144 ,255 ,76 ,980 ,258 ,102 ,11 ,318 ,53 ,122 ,43 ,37 ,15 ,84 ,84 ,357 ,6 ,165 ,0 ,138 ,1358 
2020-04-20,2956 ,560 ,1927 ,2734 ,70 ,301 ,5852 ,5324 ,473 ,1481 ,180 ,88 ,807 ,182 ,59 ,8 ,257 ,84 ,722 ,160 ,119 ,165 ,210 ,1600 ,1670 ,20 ,553 ,13 ,313 ,1672 
2020-04-21,3091 ,636 ,1990 ,2929 ,81 ,330 ,5642 ,5230 ,268 ,1426 ,189 ,83 ,792 ,186 ,67 ,8 ,241 ,82 ,283 ,144 ,103 ,95 ,156 ,1390 ,1464 ,20 ,213 ,11 ,312 ,1697 
2020-04-22,3130 ,655 ,1958 ,2922 ,81 ,344 ,5539 ,5212 ,295 ,1435 ,180 ,86 ,783 ,180 ,68 ,9 ,280 ,85 ,305 ,238 ,96 ,59 ,150 ,1281 ,1365 ,19 ,209 ,11 ,310 ,1696 
2020-04-23,3183 ,681 ,2026 ,3071 ,86 ,348 ,5804 ,5345 ,334 ,1484 ,201 ,93 ,806 ,201 ,70 ,8 ,289 ,101 ,278 ,144 ,94 ,41 ,150 ,1299 ,1419 ,21 ,215 ,11 ,321 ,1790 
2020-04-24,3512 ,779 ,2205 ,3484 ,116 ,448 ,6200 ,5665 ,291 ,1649 ,239 ,105 ,915 ,236 ,78 ,11 ,338 ,112 ,285 ,151 ,105 ,32 ,152 ,1454 ,1523 ,21 ,226 ,11 ,349 ,1907 
2020-04-25,3650 ,875 ,2415 ,3821 ,173 ,710 ,7374 ,5531 ,264 ,1916 ,404 ,148 ,1193 ,401 ,129 ,11 ,498 ,125 ,318 ,155 ,83 ,5 ,150 ,1010 ,1880 ,16 ,241 ,8 ,370 ,1958 
2020-04-26,3175 ,792 ,2208 ,3355 ,137 ,704 ,5172 ,5188 ,253 ,1481 ,360 ,106 ,1117 ,384 ,114 ,16 ,368 ,77 ,143 ,60 ,48 ,4 ,113 ,89 ,424 ,4 ,177 ,1 ,221 ,1664 
2020-04-27,3071 ,588 ,1993 ,2928 ,77 ,330 ,5933 ,5478 ,1098 ,1466 ,211 ,98 ,831 ,214 ,69 ,12 ,278 ,101 ,1189 ,198 ,137 ,24 ,154 ,1696 ,1891 ,27 ,291 ,15 ,349 ,1709 
2020-04-28,3242 ,679 ,2081 ,3218 ,90 ,367 ,5824 ,5658 ,579 ,1496 ,236 ,103 ,835 ,235 ,70 ,10 ,272 ,103 ,320 ,159 ,137 ,16 ,156 ,1506 ,1660 ,26 ,228 ,14 ,354 ,1752 
2020-04-29,3540 ,760 ,2233 ,3599 ,111 ,425 ,6367 ,5990 ,238 ,1646 ,278 ,116 ,924 ,277 ,79 ,12 ,329 ,115 ,362 ,166 ,144 ,15 ,155 ,1534 ,1664 ,26 ,248 ,11 ,383 ,1952 
2020-04-30,3711 ,853 ,2312 ,3986 ,159 ,773 ,6932 ,5804 ,268 ,1828 ,459 ,137 ,1236 ,476 ,149 ,18 ,398 ,95 ,206 ,139 ,62 ,2 ,133 ,176 ,778 ,10 ,226 ,4 ,316 ,1986 
2020-05-01,3748 ,823 ,2365 ,4052 ,139 ,739 ,6998 ,6006 ,393 ,1925 ,462 ,147 ,1278 ,482 ,162 ,17 ,435 ,106 ,284 ,156 ,138 ,1 ,142 ,1139 ,1405 ,17 ,242 ,6 ,359 ,1946 
2020-05-02,3685 ,815 ,2363 ,4003 ,160 ,760 ,7196 ,5863 ,369 ,1892 ,460 ,143 ,1269 ,501 ,168 ,19 ,425 ,98 ,286 ,143 ,105 ,0 ,138 ,906 ,1693 ,16 ,243 ,6 ,339 ,1891 
2020-05-03,3131 ,740 ,2143 ,3446 ,141 ,765 ,6458 ,5327 ,399 ,1371 ,410 ,104 ,1162 ,436 ,144 ,22 ,331 ,73 ,155 ,53 ,62 ,1 ,102 ,89 ,425 ,7 ,199 ,0 ,208 ,1614 
2020-05-04,3524 ,710 ,2253 ,3621 ,112 ,602 ,6627 ,5950 ,1196 ,1619 ,400 ,130 ,1153 ,405 ,108 ,18 ,358 ,104 ,412 ,189 ,186 ,9 ,173 ,1904 ,1910 ,23 ,369 ,13 ,470 ,1883 
2020-05-05,3393 ,833 ,2163 ,3438 ,137 ,877 ,6546 ,5014 ,408 ,1457 ,464 ,125 ,1240 ,562 ,118 ,20 ,304 ,88 ,205 ,111 ,53 ,1 ,160 ,141 ,603 ,9 ,242 ,3 ,267 ,1652 
2020-05-06,3142 ,633 ,2016 ,3163 ,83 ,429 ,5835 ,5844 ,825 ,1432 ,299 ,110 ,889 ,294 ,72 ,13 ,312 ,100 ,792 ,171 ,188 ,9 ,177 ,1646 ,1636 ,23 ,291 ,15 ,378 ,1801 
2020-05-07,3306 ,685 ,2095 ,3285 ,94 ,477 ,5859 ,5932 ,696 ,1469 ,305 ,112 ,839 ,558 ,71 ,11 ,296 ,101 ,340 ,154 ,160 ,6 ,188 ,1461 ,1488 ,21 ,257 ,15 ,367 ,1796 
2020-05-08,3773 ,778 ,2273 ,3517 ,101 ,556 ,6042 ,6026 ,308 ,1615 ,297 ,118 ,842 ,700 ,73 ,11 ,303 ,98 ,302 ,149 ,125 ,6 ,179 ,1503 ,1496 ,21 ,328 ,12 ,361 ,1911 
2020-05-09,3323 ,744 ,2098 ,3218 ,158 ,710 ,6420 ,4930 ,290 ,1464 ,330 ,114 ,1106 ,355 ,122 ,9 ,417 ,85 ,258 ,104 ,86 ,0 ,110 ,1032 ,1717 ,16 ,228 ,4 ,305 ,1639 
2020-05-10,3115 ,735 ,2113 ,3199 ,127 ,737 ,4955 ,5095 ,321 ,1338 ,374 ,111 ,1129 ,367 ,114 ,14 ,340 ,75 ,155 ,55 ,50 ,0 ,106 ,97 ,479 ,8 ,190 ,1 ,202 ,1639 
2020-05-11,3099 ,588 ,1969 ,3008 ,70 ,339 ,5772 ,5722 ,811 ,1398 ,238 ,100 ,854 ,218 ,73 ,9 ,251 ,88 ,1301 ,205 ,133 ,6 ,158 ,1725 ,1808 ,23 ,1213 ,15 ,359 ,1753 
2020-05-12,3239 ,648 ,2003 ,3119 ,76 ,367 ,5575 ,5641 ,319 ,1389 ,239 ,96 ,830 ,218 ,76 ,12 ,229 ,84 ,315 ,149 ,118 ,4 ,148 ,1452 ,1551 ,21 ,248 ,14 ,346 ,1711 
2020-05-13,3566 ,746 ,2208 ,3500 ,76 ,401 ,5953 ,6099 ,337 ,1631 ,307 ,131 ,867 ,283 ,78 ,13 ,300 ,112 ,373 ,165 ,120 ,3 ,165 ,1422 ,1596 ,21 ,256 ,14 ,371 ,1802 
2020-05-14,3588 ,752 ,2233 ,3583 ,76 ,398 ,6207 ,6268 ,282 ,1663 ,315 ,131 ,868 ,385 ,77 ,14 ,301 ,119 ,331 ,163 ,108 ,1 ,171 ,1409 ,1570 ,20 ,259 ,12 ,360 ,1767 
2020-05-15,3791 ,816 ,2194 ,3546 ,99 ,441 ,6009 ,5847 ,284 ,1601 ,260 ,119 ,885 ,304 ,86 ,12 ,330 ,107 ,788 ,141 ,108 ,7 ,137 ,1527 ,1508 ,22 ,575 ,11 ,355 ,1694 
2020-05-16,4303 ,981 ,2664 ,4322 ,124 ,699 ,8100 ,6111 ,293 ,2340 ,609 ,248 ,1314 ,603 ,143 ,13 ,557 ,162 ,401 ,181 ,85 ,1 ,166 ,1143 ,2132 ,19 ,298 ,11 ,415 ,1946 
2020-05-17,3846 ,920 ,2460 ,3953 ,105 ,697 ,7429 ,5885 ,326 ,1809 ,576 ,190 ,1234 ,576 ,128 ,17 ,435 ,96 ,176 ,80 ,46 ,1 ,122 ,113 ,549 ,10 ,239 ,2 ,240 ,1727 
2020-05-18,3432 ,654 ,2017 ,3149 ,64 ,333 ,5865 ,5934 ,582 ,1584 ,297 ,129 ,849 ,262 ,76 ,11 ,303 ,94 ,362 ,175 ,144 ,37 ,150 ,1806 ,1828 ,25 ,271 ,15 ,374 ,1668 
2020-05-19,3707 ,751 ,2209 ,3424 ,71 ,365 ,6385 ,5847 ,322 ,1764 ,336 ,144 ,870 ,285 ,77 ,14 ,300 ,105 ,336 ,172 ,134 ,125 ,168 ,1575 ,1667 ,25 ,270 ,14 ,373 ,1703 
2020-05-20,3888 ,813 ,2337 ,3733 ,71 ,385 ,6460 ,6212 ,531 ,1878 ,388 ,161 ,916 ,317 ,80 ,13 ,351 ,116 ,824 ,196 ,135 ,297 ,231 ,1506 ,1630 ,24 ,611 ,13 ,391 ,1816 
2020-05-21,3916 ,833 ,2349 ,3802 ,71 ,391 ,6360 ,6329 ,302 ,1847 ,390 ,151 ,906 ,341 ,81 ,15 ,349 ,111 ,333 ,187 ,124 ,165 ,171 ,1477 ,1600 ,24 ,275 ,13 ,390 ,1804 
2020-05-22,4150 ,889 ,2454 ,4104 ,81 ,478 ,6673 ,6538 ,248 ,1986 ,403 ,157 ,982 ,342 ,97 ,15 ,390 ,114 ,331 ,281 ,123 ,102 ,171 ,1642 ,1661 ,25 ,284 ,12 ,406 ,1925 
2020-05-23,4496 ,1027 ,2750 ,4689 ,103 ,757 ,8073 ,6598 ,276 ,2403 ,667 ,240 ,1342 ,591 ,160 ,16 ,583 ,130 ,362 ,198 ,95 ,11 ,177 ,1153 ,1967 ,21 ,303 ,10 ,461 ,2051 
2020-05-24,3750 ,900 ,2414 ,3824 ,83 ,731 ,5835 ,5672 ,274 ,1777 ,530 ,158 ,1187 ,484 ,138 ,23 ,435 ,89 ,168 ,74 ,51 ,11 ,129 ,115 ,492 ,6 ,225 ,2 ,234 ,1642 
2020-05-25,3612 ,693 ,2225 ,3425 ,49 ,355 ,6517 ,6146 ,645 ,1784 ,341 ,142 ,912 ,279 ,81 ,15 ,329 ,113 ,1241 ,224 ,173 ,70 ,203 ,1897 ,1972 ,28 ,347 ,16 ,391 ,1777 
2020-05-26,3664 ,742 ,2211 ,3537 ,58 ,377 ,6245 ,6166 ,799 ,1692 ,329 ,134 ,880 ,264 ,80 ,15 ,304 ,107 ,345 ,173 ,161 ,40 ,248 ,1587 ,1649 ,27 ,287 ,13 ,369 ,1722 
2020-05-27,3748 ,799 ,2354 ,3768 ,61 ,413 ,6277 ,6421 ,429 ,1810 ,373 ,141 ,893 ,288 ,79 ,12 ,340 ,114 ,371 ,182 ,160 ,25 ,223 ,1500 ,1605 ,27 ,278 ,13 ,391 ,1810 
2020-05-28,3704 ,789 ,2286 ,3726 ,64 ,391 ,6341 ,6401 ,590 ,1785 ,349 ,136 ,868 ,273 ,84 ,16 ,331 ,115 ,357 ,175 ,143 ,19 ,192 ,1475 ,1582 ,27 ,280 ,12 ,383 ,1796 
2020-05-29,3996 ,874 ,2455 ,4152 ,77 ,495 ,6885 ,6813 ,258 ,1944 ,384 ,148 ,954 ,318 ,97 ,17 ,378 ,121 ,368 ,181 ,152 ,16 ,179 ,1622 ,1624 ,28 ,308 ,12 ,413 ,1985 
2020-05-30,4238 ,981 ,2683 ,4538 ,111 ,766 ,8052 ,6742 ,275 ,2243 ,588 ,207 ,1281 ,516 ,163 ,18 ,548 ,123 ,352 ,179 ,112 ,1 ,176 ,1131 ,1742 ,20 ,285 ,10 ,442 ,2087 
2020-05-31,3590 ,875 ,2416 ,3742 ,93 ,740 ,7245 ,5840 ,279 ,1626 ,484 ,147 ,1150 ,437 ,141 ,22 ,420 ,84 ,180 ,72 ,63 ,1 ,136 ,121 ,470 ,7 ,228 ,2 ,235 ,1765 
2020-06-01,3415 ,651 ,2230 ,3352 ,51 ,368 ,6568 ,6267 ,1093 ,1718 ,333 ,130 ,903 ,257 ,77 ,14 ,312 ,111 ,383 ,187 ,236 ,21 ,218 ,1864 ,2054 ,25 ,407 ,15 ,395 ,1786 
2020-06-02,3419 ,697 ,2184 ,3310 ,58 ,367 ,6229 ,6142 ,628 ,1608 ,284 ,115 ,843 ,231 ,78 ,13 ,278 ,104 ,316 ,163 ,188 ,16 ,251 ,1549 ,1621 ,24 ,299 ,12 ,352 ,1686 
2020-06-03,3524 ,741 ,2327 ,3603 ,59 ,397 ,6443 ,6454 ,406 ,1687 ,341 ,127 ,864 ,254 ,77 ,13 ,323 ,111 ,360 ,168 ,168 ,11 ,217 ,1491 ,1541 ,21 ,294 ,11 ,372 ,1771 
2020-06-04,3540 ,748 ,2219 ,3600 ,62 ,404 ,6460 ,6477 ,318 ,1676 ,349 ,120 ,853 ,252 ,79 ,13 ,325 ,108 ,313 ,167 ,140 ,7 ,191 ,1467 ,1446 ,21 ,287 ,11 ,371 ,1805 
2020-06-05,3897 ,840 ,2439 ,4111 ,81 ,528 ,6810 ,6844 ,707 ,1873 ,394 ,138 ,959 ,305 ,100 ,16 ,382 ,115 ,657 ,183 ,135 ,6 ,193 ,1650 ,1597 ,22 ,335 ,12 ,409 ,2025 
2020-06-06,4090 ,935 ,2591 ,4448 ,116 ,844 ,7996 ,6667 ,310 ,2108 ,592 ,184 ,1328 ,488 ,178 ,18 ,541 ,113 ,252 ,171 ,93 ,0 ,188 ,278 ,794 ,12 ,293 ,7 ,378 ,2039 
2020-06-07,3483 ,835 ,2368 ,3775 ,89 ,798 ,7285 ,5947 ,319 ,1575 ,495 ,135 ,1198 ,419 ,145 ,22 ,405 ,85 ,174 ,67 ,61 ,0 ,175 ,122 ,404 ,8 ,241 ,3 ,246 ,1799 
2020-06-08,3307 ,626 ,2181 ,3369 ,53 ,371 ,6444 ,6527 ,623 ,1655 ,320 ,118 ,868 ,230 ,80 ,18 ,298 ,96 ,388 ,185 ,143 ,6 ,210 ,1944 ,1973 ,25 ,378 ,15 ,396 ,1875 
2020-06-09,3412 ,695 ,2227 ,3550 ,63 ,406 ,6388 ,6664 ,306 ,1641 ,325 ,114 ,836 ,226 ,81 ,17 ,265 ,92 ,326 ,169 ,123 ,6 ,191 ,1571 ,1547 ,21 ,306 ,14 ,378 ,1858 
2020-06-10,3461 ,721 ,2130 ,3483 ,71 ,422 ,5796 ,6522 ,455 ,1537 ,314 ,111 ,829 ,218 ,83 ,18 ,297 ,112 ,1260 ,202 ,112 ,4 ,192 ,1452 ,1382 ,20 ,1287 ,13 ,364 ,1819 
2020-06-11,3530 ,750 ,2311 ,3646 ,70 ,436 ,6466 ,6704 ,697 ,1646 ,360 ,123 ,863 ,237 ,83 ,15 ,311 ,113 ,322 ,162 ,102 ,4 ,180 ,1439 ,1408 ,21 ,314 ,12 ,373 ,1881 
2020-06-12,3832 ,818 ,2364 ,3944 ,93 ,522 ,6607 ,6778 ,263 ,1766 ,380 ,126 ,963 ,262 ,100 ,18 ,344 ,122 ,319 ,167 ,99 ,3 ,170 ,1588 ,1516 ,21 ,309 ,12 ,389 ,1980 
2020-06-13,3999 ,921 ,2625 ,4299 ,137 ,865 ,7900 ,6625 ,275 ,1971 ,575 ,178 ,1289 ,420 ,168 ,16 ,516 ,136 ,337 ,159 ,84 ,0 ,164 ,1151 ,1335 ,17 ,316 ,9 ,417 ,2012 
2020-06-14,3417 ,842 ,2378 ,3656 ,112 ,839 ,5698 ,5948 ,287 ,1564 ,492 ,126 ,1190 ,376 ,145 ,19 ,382 ,80 ,171 ,64 ,47 ,0 ,133 ,112 ,338 ,8 ,238 ,2 ,236 ,1731 
2020-06-15,3379 ,652 ,2193 ,3375 ,65 ,385 ,6570 ,6499 ,318 ,1651 ,321 ,119 ,893 ,228 ,86 ,14 ,279 ,93 ,763 ,189 ,126 ,70 ,182 ,1835 ,1809 ,23 ,606 ,16 ,390 ,1938 
2020-06-16,3474 ,708 ,2219 ,3535 ,72 ,406 ,6221 ,6583 ,245 ,1609 ,314 ,113 ,866 ,225 ,85 ,17 ,253 ,90 ,323 ,165 ,110 ,276 ,174 ,1557 ,1446 ,22 ,305 ,12 ,370 ,1888 
2020-06-17,3540 ,743 ,2222 ,3563 ,76 ,420 ,6298 ,6557 ,271 ,1598 ,313 ,118 ,860 ,227 ,86 ,17 ,292 ,94 ,384 ,160 ,105 ,188 ,175 ,1472 ,1307 ,20 ,300 ,11 ,366 ,1856 
2020-06-18,3504 ,744 ,2168 ,3467 ,79 ,423 ,5956 ,6359 ,591 ,1544 ,303 ,108 ,847 ,213 ,90 ,16 ,278 ,89 ,309 ,150 ,99 ,119 ,159 ,1431 ,1485 ,19 ,278 ,11 ,351 ,1774 
2020-06-19,3854 ,829 ,2422 ,4050 ,94 ,531 ,6707 ,6887 ,233 ,1815 ,359 ,133 ,976 ,280 ,109 ,17 ,340 ,103 ,329 ,166 ,107 ,86 ,168 ,1606 ,1581 ,21 ,306 ,11 ,399 ,2084 
2020-06-20,4051 ,944 ,2646 ,4391 ,138 ,808 ,7723 ,6778 ,247 ,2043 ,512 ,179 ,1320 ,438 ,179 ,18 ,483 ,113 ,342 ,164 ,95 ,9 ,164 ,1080 ,1299 ,17 ,300 ,9 ,426 ,2184 
2020-06-21,3438 ,818 ,2382 ,3748 ,113 ,753 ,6952 ,6101 ,280 ,1516 ,425 ,121 ,1195 ,362 ,154 ,22 ,359 ,78 ,178 ,60 ,56 ,9 ,126 ,112 ,340 ,9 ,237 ,2 ,243 ,1876 
2020-06-22,3308 ,637 ,2212 ,3390 ,60 ,377 ,6357 ,6697 ,495 ,1653 ,274 ,110 ,887 ,210 ,90 ,18 ,270 ,91 ,778 ,284 ,140 ,68 ,224 ,1807 ,1703 ,24 ,642 ,15 ,389 ,1960 
2020-06-23,3464 ,700 ,2235 ,3541 ,72 ,405 ,6330 ,6699 ,383 ,1655 ,286 ,112 ,868 ,217 ,89 ,19 ,248 ,92 ,316 ,159 ,135 ,42 ,164 ,1551 ,1443 ,23 ,300 ,11 ,371 ,1934 
2020-06-24,3305 ,695 ,1960 ,3074 ,81 ,389 ,5263 ,5968 ,372 ,1370 ,214 ,85 ,831 ,165 ,86 ,19 ,251 ,78 ,286 ,125 ,124 ,28 ,136 ,1380 ,1165 ,22 ,270 ,11 ,338 ,1676 
2020-06-25,3478 ,736 ,2163 ,3384 ,86 ,428 ,6025 ,6152 ,502 ,1534 ,274 ,109 ,904 ,208 ,87 ,18 ,284 ,97 ,1139 ,173 ,143 ,22 ,160 ,1418 ,1299 ,26 ,346 ,11 ,348 ,1757 
2020-06-26,3875 ,840 ,2412 ,4026 ,100 ,591 ,6727 ,6813 ,1176 ,1817 ,355 ,134 ,1048 ,281 ,109 ,17 ,352 ,117 ,327 ,160 ,153 ,18 ,164 ,1598 ,1449 ,28 ,310 ,11 ,402 ,2084 
2020-06-27,4075 ,946 ,2631 ,4407 ,150 ,896 ,7863 ,6786 ,307 ,2044 ,514 ,181 ,1409 ,442 ,183 ,21 ,501 ,119 ,322 ,156 ,117 ,1 ,161 ,1084 ,1201 ,17 ,296 ,8 ,421 ,2181 
2020-06-28,3501 ,848 ,2382 ,3788 ,123 ,886 ,5565 ,6246 ,315 ,1611 ,441 ,125 ,1295 ,377 ,161 ,23 ,368 ,85 ,196 ,60 ,71 ,1 ,123 ,112 ,296 ,8 ,223 ,2 ,253 ,1866 
2020-06-29,3269 ,629 ,2007 ,3103 ,69 ,394 ,5991 ,6088 ,426 ,1499 ,240 ,107 ,896 ,192 ,87 ,17 ,262 ,95 ,361 ,157 ,187 ,18 ,158 ,1817 ,1628 ,30 ,283 ,13 ,369 ,1812 
2020-06-30,3442 ,712 ,2101 ,3265 ,81 ,431 ,6003 ,6023 ,922 ,1489 ,252 ,108 ,896 ,208 ,86 ,18 ,249 ,99 ,341 ,144 ,190 ,14 ,159 ,1527 ,1337 ,28 ,289 ,11 ,361 ,1791 
