학교종류명,도로명우편번호,도로명주소,위도,경도
서울숭신초등학교,4702,서울특별시 성동구 마장로 161,37.56781934,127.0278897
한양초등학교,4763,서울특별시 성동구 살곶이길 208,37.55762103,127.0502634
세종초등학교,5006,서울특별시 광진구 군자로 114,37.5530111,127.0728646
성동초등학교,5114,서울특별시 광진구 자양로4길 63,37.53328137,127.089281
서울화양초등학교,5011,서울특별시 광진구 군자로 9,37.54422859,127.0715827
서울행현초등학교,4713,서울특별시 성동구 행당로 95,37.55770899,127.029368
서울행당초등학교,4746,서울특별시 성동구 고산자로8길 6,37.55701913,127.0348734
서울중마초등학교,4907,서울특별시 광진구 동일로72길 43,37.56579084,127.0790239
서울중광초등학교,4908,서울특별시 광진구 긴고랑로13길 59,37.56524214,127.082693
서울장안초등학교,5004,서울특별시 광진구 군자로 74,37.54987645,127.0724025
서울자양초등학교,5054,서울특별시 광진구 아차산로44길 26,37.53698824,127.0797396
서울응봉초등학교,4742,서울특별시 성동구 독서당로62길 28,37.55025339,127.0338297
서울용마초등학교,4926,서울특별시 광진구 천호대로113길 10,37.55782735,127.0835274
서울용답초등학교,4805,서울특별시 성동구 용답25길 1,37.56072712,127.0537608
서울용곡초등학교,4940,서울특별시 광진구 용마산로22길 82,37.56710862,127.088453
서울옥정초등학교,4735,서울특별시 성동구 한림말길 43,37.54230974,127.0157855
서울옥수초등학교,4740,서울특별시 성동구 금호로1길 25,37.54552939,127.0218696
서울양진초등학교,4982,서울특별시 광진구 워커힐로 32,37.54457517,127.0983114
서울양남초등학교,5114,서울특별시 광진구 뚝섬로64길 71,37.53112324,127.0892343
서울신자초등학교,5110,서울특별시 광진구 뚝섬로46길 64,37.53024545,127.0755876
서울신양초등학교,5090,서울특별시 광진구 능동로 42,37.53468209,127.0699953
서울송원초등학교,4800,서울특별시 성동구 동일로43길 9,37.55415927,127.0695262
서울성자초등학교,5102,서울특별시 광진구 뚝섬로56길 7,37.53149357,127.0834083
서울성수초등학교,4798,서울특별시 성동구 아차산로17길 21,37.54431313,127.0631674
서울사근초등학교,4761,서울특별시 성동구 사근동11길 16,37.56267971,127.0475738
서울무학초등학교,4710,서울특별시 성동구 무학봉15길 21,37.56327474,127.0296437
서울마장초등학교,4753,서울특별시 성동구 마장로35나길 32,37.56830949,127.042128
서울동호초등학교,4731,서울특별시 성동구 동호로5길 133,37.54647556,127.0101551
서울동자초등학교,5069,서울특별시 광진구 뚝섬로 561,37.53505821,127.0721792
서울동의초등학교,4948,서울특별시 광진구 영화사로 111,37.55342244,127.0990473
서울동명초등학교,4705,서울특별시 성동구 마장로29길 29,37.56812285,127.0351082
서울금호초등학교,4726,서울특별시 성동구 무수막길 69,37.55189794,127.0207529
서울금옥초등학교,4725,서울특별시 성동구 독서당로 251,37.54630162,127.0176507
서울금북초등학교,4721,서울특별시 성동구 행당로1길 13,37.55749549,127.0235565
서울구의초등학교,5022,서울특별시 광진구 광나루로30길 49,37.54300744,127.0803118
서울구남초등학교,5048,서울특별시 광진구 구의강변로 69,37.53709659,127.0922888
서울광진초등학교,4980,서울특별시 광진구 자양로40길 41,37.54761146,127.0913325
서울광장초등학교,4966,서울특별시 광진구 광장로1길 27,37.54854922,127.1017999
서울광남초등학교,4973,서울특별시 광진구 아차산로70길 35,37.54078809,127.1006653
서울경일초등학교,4774,서울특별시 성동구 뚝섬로 332,37.5409419,127.0466051
서울경수초등학교,4785,서울특별시 성동구 뚝섬로13길 22,37.54043667,127.0580668
서울경동초등학교,4781,서울특별시 성동구 성수일로 34,37.5438253,127.050074
경복초등학교,4991,서울특별시 광진구 천호대로130길 58,37.54981386,127.0867934
중앙대학교사범대학부속초등학교,6973,서울특별시 동작구 서달로 135,37.50545264,126.9596777
서울흑석초등학교,6904,서울특별시 동작구 현충로 87,37.50829272,126.9651322
서울행림초등학교,7031,서울특별시 동작구 솔밭로 47,37.48280761,126.9649643
서울청룡초등학교,8833,서울특별시 관악구 관악로5길 61,37.47672527,126.9512846
서울조원초등학교,8701,서울특별시 관악구 조원로 67,37.48412777,126.9095056
서울인헌초등학교,8792,서울특별시 관악구 낙성대로 23,37.47675499,126.9598639
서울은천초등학교,8716,서울특별시 관악구 은천로 69,37.4865852,126.9426791
서울은로초등학교,6973,서울특별시 동작구 서달로 115,37.50314888,126.9599999
서울원신초등학교,8846,서울특별시 관악구 광신길 177,37.46719824,126.9272409
서울원당초등학교,8739,서울특별시 관악구 봉천로 505,37.48128046,126.9562493
서울영화초등학교,6933,서울특별시 동작구 등용로8길 3,37.50890811,126.9329735
서울영본초등학교,6915,서울특별시 동작구 만양로12가길 69,37.51129869,126.9486724
서울신우초등학교,8823,서울특별시 관악구 호암로 498,37.46326397,126.9325353
서울신성초등학교,8839,서울특별시 관악구 신림로 114,37.47200331,126.9367542
서울신상도초등학교,6967,서울특별시 동작구 장승배기로 14,37.50034802,126.9446159
서울신봉초등학교,8747,서울특별시 관악구 양녕로6나길 1,37.48557653,126.9493929
서울신림초등학교,8842,서울특별시 관악구 문성로28길 31,37.47711985,126.9268767
서울신남성초등학교,7030,서울특별시 동작구 사당로 146,37.48815254,126.96487
서울신길초등학교,6941,서울특별시 동작구 알마타길 16,37.51087166,126.9267292
서울상현초등학교,7039,서울특별시 동작구 상도로58길 21,37.49487439,126.9526691
서울상도초등학교,6961,서울특별시 동작구 성대로21길 62,37.50034777,126.9372695
서울삼일초등학교,7000,서울특별시 동작구 사당로23나길 27,37.48825931,126.9751885
서울삼성초등학교,8816,서울특별시 관악구 대학7길 52,37.46852204,126.9404929
서울사당초등학교,8804,서울특별시 관악구 남현4길 51,37.47383628,126.9733501
서울봉현초등학교,8723,서울특별시 관악구 성현로 117,37.49124068,126.9555874
서울봉천초등학교,8736,서울특별시 관악구 행운1라길 17,37.4832696,126.9581884
서울본동초등학교,6907,서울특별시 동작구 노량진로26길 16-40,37.50992508,126.9538508
서울보라매초등학교,7063,서울특별시 동작구 여의대방로16길 30,37.49585189,126.9161445
서울미성초등학교,8770,서울특별시 관악구 문성로 79,37.47833997,126.9123923
서울문창초등학교,7066,서울특별시 동작구 신대방2길 14,37.48898483,126.9148407
서울동작초등학교,6992,서울특별시 동작구 동작대로29길 214,37.4941155,126.9765088
서울대림초등학교,6954,서울특별시 동작구 대방동1길 22,37.50061445,126.9248833
서울당곡초등학교,8711,서울특별시 관악구 보라매로2길 23,37.49016812,126.9303698
서울노량진초등학교,6924,서울특별시 동작구 장승배기로 160,37.51175038,126.9408242
서울남성초등학교,7005,서울특별시 동작구 사당로23길 57-14,37.48459498,126.9754874
서울남사초등학교,7014,서울특별시 동작구 동작대로13길 22,37.48194349,126.9782341
서울남부초등학교,8763,서울특별시 관악구 남부순환로163길 14,37.48511944,126.9221838
서울난향초등학교,8859,서울특별시 관악구 난향길 9,37.46282189,126.9183368
서울난우초등학교,8850,서울특별시 관악구 난우길 40,37.47711829,126.9176525
서울난곡초등학교,8858,서울특별시 관악구 난곡로35길 102,37.4691282,126.9163416
서울구암초등학교,8724,서울특별시 관악구 구암길 1,37.48921747,126.9462717
서울관악초등학교,8785,서울 관악구 청룡4길 49,37.48102565,126.9425545
서울강남초등학교,6912,서울특별시 동작구 강남초등길 15,37.50615814,126.9533591
서울강빛초등학교,5201,서울특별시 강동구 아리수로93다길 1,37.57434332,127.1707749
서울고현초등학교,5274,서울특별시 강동구 상일로11길 110,37.55380394,127.1660501
서울해누리초등학교,5698,서울특별시 송파구 송파대로37길 95,37.49841159,127.1021242
서울강솔초등학교,5214,서울특별시 강동구 고덕로97길 80,37.56186962,127.1802671
서울위례별초등학교,5850,서울특별시 송파구 위례광장로 243,37.47909577,127.1449717
서울한산초등학교,5371,서울특별시 강동구 풍성로 261,37.52869458,127.1410769
서울풍성초등학교,5506,서울특별시 송파구 강동대로2길 13,37.52629486,127.1134884
서울풍납초등학교,5522,서울특별시 송파구 풍성로 43,37.53529217,127.1175315
서울평화초등학교,5831,서울특별시 송파구 송파대로26길 22,37.49156712,127.1228237
서울토성초등학교,5533,서울특별시 송파구 풍성로20길 44,37.53188286,127.1156331
서울천호초등학교,5309,서울특별시 강동구 구천면로 310-11,37.54771897,127.1365923
서울천일초등학교,5330,서울특별시 강동구 구천면로 266,37.54436122,127.1334367
서울천동초등학교,5341,서울특별시 강동구 성안로 200,37.5410159,127.1378287
서울중대초등학교,5677,서울특별시 송파구 송파대로36길 8,37.4998119,127.1136055
서울잠현초등학교,5507,서울특별시 송파구 올림픽로37길 109,37.52258587,127.1047228
서울잠전초등학교,5568,서울특별시 송파구 올림픽로12길 51,37.50733791,127.0838499
서울잠일초등학교,5501,서울특별시 송파구 올림픽로 95,37.51474166,127.0816362
서울잠실초등학교,5507,서울특별시 송파구 올림픽로35길 20,37.52018633,127.1113114
서울잠신초등학교,5502,서울특별시 송파구 잠실로 32,37.51414815,127.0879435
서울잠동초등학교,5504,서울특별시 송파구 올림픽로35길 122,37.51833846,127.099931
서울위례초등학교,5410,서울특별시 강동구 명일로 23,37.52231852,127.1394366
서울오륜초등학교,5649,서울특별시 송파구 양재대로 1196,37.51242411,127.1345092
서울오금초등학교,5654,서울특별시 송파구 위례성대로22길 11,37.50886634,127.1323312
서울영풍초등학교,5744,서울특별시 송파구 오금로57길 15,37.49622,127.1430148
서울아주초등학교,5572,서울특별시 송파구 올림픽로4길 59,37.50582689,127.0757679
서울신천초등학교,5503,서울특별시 송파구 올림픽로 215,37.5140111,127.0950483
서울신암초등학교,5242,서울특별시 강동구 올림픽로93길 33-16,37.55002367,127.1244044
서울신명초등학교,5300,서울특별시 강동구 명일로24길 33,37.54092685,127.1499791
서울신가초등학교,5706,서울특별시 송파구 송이로 75,37.5003628,127.1198778
서울송파초등학교,5666,서울특별시 송파구 백제고분로 400,37.50713737,127.111119
서울송전초등학교,5607,서울특별시 송파구 석촌호수로 159,37.50882909,127.0951265
서울송례초등학교,5853,서울특별시 송파구 위례순환로 439,37.4778913,127.1384402
서울세륜초등학교,5649,서울특별시 송파구 양재대로 1264,37.51855781,127.1341633
서울성일초등학교,5396,서울특별시 강동구 성내로15길 33,37.52970924,127.1284083
서울성내초등학교,5392,서울특별시 강동구 성내로3길 19,37.53135786,127.1225001
서울선사초등학교,5239,서울특별시 강동구 올림픽로 837,37.55584691,127.128196
서울선린초등학교,5367,서울특별시 강동구 진황도로61길 29,37.52976012,127.145594
서울석촌초등학교,5689,서울특별시 송파구 가락로11길 26,37.50263063,127.1052122
서울상일초등학교,5283,서울특별시 강동구 천호대로 1477,37.54757217,127.1726635
서울삼전초등학교,5584,서울특별시 송파구 백제고분로28길 19,37.50169984,127.0932689
서울버들초등학교,5555,서울특별시 송파구 석촌호수로 81,37.51023502,127.0889992
서울방이초등학교,5636,서울특별시 송파구 위례성대로10길 4,37.51343223,127.1204994
서울방산초등학교,5645,서울특별시 송파구 오금로27길 42,37.50955532,127.1210892
서울문현초등학교,5799,서울특별시 송파구 충민로 137,37.48279092,127.1302571
서울문정초등학교,5797,서울특별시 송파구 문정로5길 20,37.48907284,127.1290135
서울문덕초등학교,5809,서울특별시 송파구 송이로34길 60,37.48518009,127.127729
서울묘곡초등학교,5232,서울특별시 강동구 동남로79길 46,37.55871279,127.1530934
서울명일초등학교,5256,서울특별시 강동구 고덕로38길 8,37.5545536,127.1425911
서울명원초등학교,5268,서울특별시 강동구 명일로 364,37.55128785,127.1505002
서울명덕초등학교,5230,서울특별시 강동구 양재대로156길 11,37.55676233,127.1450815
서울마천초등학교,5758,서울특별시 송파구 마천로61다길 24,37.49550545,127.1526295
서울둔촌초등학교,5409,서울특별시 강동구 양재대로88길 27,37.52621993,127.1374541
서울대명초등학교,5271,서울특별시 강동구 상암로 271,37.54766615,127.1532701
서울남천초등학교,5745,서울특별시 송파구 성내천로 207,37.50144683,127.1507642
서울길동초등학교,5344,서울특별시 강동구 양재대로116길 69,37.53859168,127.1449729
서울고일초등학교,5275,서울특별시 강동구 구천면로93길 20,37.55154262,127.1694101
서울고명초등학교,5267,서울특별시 강동구 고덕로46길 53,37.55297253,127.1474362
서울고덕초등학교,5221,서울특별시 강동구 아리수로82길 42,37.56129361,127.1660799
서울거원초등학교,5789,서울특별시 송파구 양산로2길 26,37.48762503,127.1449361
서울거여초등학교,5731,서울특별시 송파구 마천로25길 18,37.50516942,127.1409871
서울개롱초등학교,5742,서울특별시 송파구 문정로 211,37.49736261,127.1398881
서울강일초등학교,5213,서울특별시 강동구 아리수로98길 24,37.56525568,127.1772125
서울강명초등학교,5285,서울특별시 강동구 상일로 74-1,37.55470604,127.1733745
서울강동초등학교,5322,서울특별시 강동구 상암로14길 77,37.5463638,127.1301872
서울강덕초등학교,134803,서울특별시 강동구 동남로82길 94-54,37.55954748,127.1604836
서울가주초등학교,5823,서울특별시 송파구 오금로40길 37,37.49656722,127.1292804
서울가원초등학교,5834,서울특별시 송파구 중대로4길 8,37.48944215,127.1110274
서울가락초등학교,5698,서울특별시 송파구 송파대로37길 45,37.50002115,127.1076044
서울가동초등학교,5820,서울특별시 송파구 중대로20길 47,37.49741227,127.1300159
우촌초등학교,2831,서울특별시 성북구 성북로4길 52-1,37.59564089,127.0114006
영훈초등학교,1211,서울특별시 강북구 도봉로13가길 19,37.61468187,127.0280933
성신초등학교,2840,서울특별시 성북구 북악산로 918,37.59462313,127.0231285
매원초등학교,2828,서울특별시 성북구 북악산로 870,37.59767468,127.0191869
대광초등학교,2859,서울특별시 성북구 안암로 5,37.57915104,127.0234459
광운초등학교,2763,서울특별시 성북구 한천로 694,37.61906522,127.0550771
서울화계초등학교,1158,서울특별시 강북구 솔매로50가길 25,37.62388498,127.0297162
서울청덕초등학교,2706,서울특별시 성북구 정릉로9라길 11,37.61203289,127.0003334
서울정수초등학교,2813,서울특별시 성북구 정릉로24길 58,37.60377489,127.0077189
서울정릉초등학교,2701,서울특별시 성북구 솔샘로25가길 8,37.61979605,127.0052561
서울정덕초등학교,2826,서울특별시 성북구 아리랑로 63,37.59823995,127.0134213
서울장위초등학교,2769,서울특별시 성북구 장월로8가길 41,37.61144251,127.0500064
서울장월초등학교,2758,서울특별시 성북구 한천로101길 66,37.62194109,127.0471733
서울장곡초등학교,2754,서울특별시 성북구 장월로23길 16,37.61683137,127.0481552
서울일신초등학교,2795,서울특별시 성북구 월곡로 74,37.59881357,127.0401781
서울인수초등학교,1020,서울특별시 강북구 인수봉로 269,37.64305053,127.0091358
서울유현초등학교,1095,서울특별시 강북구 인수봉로37길 24,37.63234717,127.011421
서울월곡초등학교,2747,서울특별시 성북구 장월로3길 42,37.61002442,127.046081
서울우이초등학교,1085,서울특별시 강북구 삼양로99길 36,37.63865468,127.0148082
서울오현초등학교,1230,서울특별시 강북구 월계로 221,37.62341912,127.0465761
서울안암초등학교,2850,서울특별시 성북구 인촌로7가길 39,37.58729826,127.022403
서울숭인초등학교,2741,서울특별시 성북구 오패산로16길 37,37.6091602,127.0382341
서울숭례초등학교,2811,서울특별시 성북구 종암로5길 14,37.59452119,127.0352972
서울숭덕초등학교,2718,서울특별시 성북구 정릉로 279,37.6038198,127.013291
서울숭곡초등학교,2736,서울특별시 성북구 종암로40길 30,37.60843284,127.0328151
서울수유초등학교,1116,서울특별시 강북구 삼양로74길 39,37.63124966,127.0202924
서울수송초등학교,1061,서울특별시 강북구 한천로124길 14,37.63732397,127.0332067
서울송천초등학교,1208,서울특별시 강북구 삼양로20길 29,37.6149052,127.0237354
서울송중초등학교,1165,서울특별시 강북구 오현로 9,37.61746908,127.0319965
서울성북초등학교,2837,서울특별시 성북구 성북로 102-10,37.59405389,126.9987754
서울석관초등학교,2783,서울특별시 성북구 돌곶이로22길 21,37.61102206,127.0583553
서울석계초등학교,2780,서울특별시 성북구 한천로58길 273,37.60881368,127.0697321
서울삼양초등학교,1181,서울특별시 강북구 삼양로49길 17,37.62329558,127.0161491
서울삼선초등학교,2863,서울특별시 성북구 보문로29길 106,37.58714152,127.0126718
서울삼각산초등학교,1198,서울특별시 강북구 삼양로19길 141,37.61614897,127.0145684
서울번동초등학교,1224,서울특별시 강북구 오현로 204,37.62902386,127.0400394
서울미양초등학교,1187,서울특별시 강북구 솔샘로 195,37.62153242,127.0141334
서울미아초등학교,2724,서울특별시 성북구 삼양로 77,37.61058761,127.0216444
서울동신초등학교,2874,서울특별시 성북구 보문사길 50,37.58328787,127.017058
서울돈암초등학교,2830,서울특별시 성북구 동소문로13길 38,37.59374656,127.0131036
서울길음초등학교,2723,서울특별시 성북구 길음로 142,37.61363115,127.01666
서울길원초등학교,2715,서울특별시 성북구 길음로15길 55,37.60906464,127.0167996
서울개운초등학교,2806,서울특별시 성북구 정릉로48길 52,37.60183902,127.0275962
서울자곡초등학교,6373,서울특별시 강남구 자곡로 150,37.47219072,127.0996009
서울율현초등학교,6370,서울특별시 강남구 밤고개로21길 15,37.4745587,127.108265
서울우솔초등학교,6767,서울특별시 서초구 양재대로2길 74,37.45709422,127.0192756
서울세명초등학교,6375,서울특별시 강남구 자곡로 55,37.4688571,127.0910759
서울우면초등학교,6765,서울특별시 서초구 태봉로,37.46536556,127.0260546
서울학동초등학교,6100,서울특별시 강남구 선릉로115길 42,37.51226106,127.0395978
서울포이초등학교,6311,서울특별시 강남구 개포로22길 87,37.47591562,127.0525106
서울청담초등학교,6010,서울특별시 강남구 압구정로71길 9,37.52828187,127.045153
서울잠원초등학교,6547,서울특별시 서초구 신반포로16길 15-25,37.501859,126.9980045
서울일원초등학교,6345,서울특별시 강남구 영동대로4길 20,37.48978808,127.0763255
서울이수초등학교,6692,서울특별시 서초구 방배천로4길 23,37.47837133,126.9844171
서울원촌초등학교,6544,서울특별시 서초구 사평대로45길 26,37.50618948,127.0125656
서울원명초등학교,6602,서울특별시 서초구 고무래로 90-6,37.50077708,127.0167076
서울우암초등학교,6762,서울특별시 서초구 바우뫼로7길 38,37.47229555,127.0237234
서울왕북초등학교,6353,서울특별시 강남구 광평로31길 74,37.48632828,127.0860547
서울영희초등학교,6338,서울특별시 강남구 일원로 21,37.4923004,127.0811328
서울역삼초등학교,6251,서울특별시 강남구 강남대로66길 21,37.49316124,127.0326028
서울언주초등학교,6268,서울특별시 강남구 남부순환로363길 19,37.486322,127.036793
서울언북초등학교,6066,서울특별시 강남구 삼성로135길 42,37.52012517,127.0447158
서울언남초등학교,6800,서울특별시 서초구 헌릉로8길 42,37.45411333,127.0614366
서울양전초등학교,6328,서울특별시 강남구 개포로 513,37.49028284,127.0694253
서울양재초등학교,6755,서울특별시 서초구 바우뫼로18길 14,37.47416538,127.0318925
서울압구정초등학교,6004,서울특별시 강남구 압구정로39길 29,37.53173911,127.0308417
서울신중초등학교,6712,서울특별시 서초구 남부순환로317길 15,37.48015788,127.0093433
서울신동초등학교,6517,서울특별시 서초구 나루터로 15,37.51713004,127.0113904
서울신구초등학교,6029,서울특별시 강남구 압구정로18길 28,37.52336057,127.0239924
서울수서초등학교,6348,서울특별시 강남구 광평로51길 46,37.49115148,127.1015822
서울서초초등학교,6613,서울특별시 서초구 서운로 178,37.49904877,127.0248915
서울서일초등학교,6723,서울특별시 서초구 남부순환로339길 38,37.48529778,127.0221598
서울서이초등학교,6630,서울특별시 서초구 서운로 35,37.49156467,127.025618
서울서원초등학교,6598,서울특별시 서초구 고무래로 63,37.5024389,127.0146195
서울서래초등학교,6574,서울특별시 서초구 방배로 260,37.496404,126.9901565
서울삼릉초등학교,6097,서울특별시 강남구 봉은사로63길 22,37.51325992,127.0469495
서울봉은초등학교,6078,서울특별시 강남구 학동로 610,37.52008269,127.0609329
서울방현초등학교,6700,서울특별시 서초구 효령로4길 58,37.47650298,126.9900734
서울방일초등학교,6663,서울특별시 서초구 방배로18길 52,37.4852056,126.998849
서울방배초등학교,6570,서울특별시 서초구 방배중앙로13길 26,37.4867641,126.987138
서울반포초등학교,6502,서울특별시 서초구 신반포로 55-4,37.50248483,126.9917416
서울반원초등학교,6510,서울특별시 서초구 잠원로3길 28,37.510312,127.0040022
서울매헌초등학교,6780,서울특별시 서초구 언남길 8,37.47126248,127.0420579
서울도성초등학교,6213,서울특별시 강남구 역삼로 313,37.50146201,127.0488722
서울도곡초등학교,6205,서울특별시 강남구 선릉로64길 33,37.49951141,127.0544655
서울대현초등학교,6187,서울특별시 강남구 역삼로98길 16,37.50372159,127.0635654
서울대치초등학교,6291,서울특별시 강남구 양재천로 363,37.49127807,127.0621964
서울대청초등학교,6341,서울특별시 강남구 양재대로55길 28,37.4931481,127.0877673
서울대진초등학교,6334,서울특별시 강남구 개포로109길 74,37.49701211,127.0780803
서울대왕초등학교,6365,서울특별시 강남구 헌릉로618길 8,37.46462117,127.1055912
서울대모초등학교,6363,서울특별시 강남구 광평로20길 27,37.48059845,127.0859938
서울대도초등학교,6277,서울특별시 강남구 선릉로 209,37.4926466,127.0533774
서울대곡초등학교,6288,서울특별시 강남구 남부순환로 3022,37.49471064,127.0650265
서울논현초등학교,6119,서울특별시 강남구 강남대로120길 33,37.50848958,127.0262229
서울구룡초등학교,6305,서울특별시 강남구 개포로 263,37.48119739,127.0517714
서울개포초등학교,6331,서울특별시 강남구 영동대로3길 45,37.48678543,127.070476
서울개일초등학교,6323,서울특별시 강남구 개포로 401,37.48621414,127.0577406
서울개원초등학교,6321,서울특별시 강남구 선릉로 29,37.48161842,127.0587363
계성초등학교,6504,서울특별시 서초구 신반포로19길 23,37.5049159,126.9968257
서울교육대학교부설초등학교,6639,서울특별시 서초구 서초중앙로 96,37.49074049,127.0154245
유석초등학교,7576,서울특별시 강서구 화곡로69길 9,37.56080181,126.8537794
서울신은초등학교,8049,서울특별시 양천구 신정이펜2로 30,37.51391281,126.8321696
서울화일초등학교,7725,서울특별시 강서구 까치산로10길 70,37.54071203,126.8474708
서울화곡초등학교,7722,서울특별시 강서구 초록마을로 28,37.54366962,126.8464717
서울탑산초등학교,7525,서울특별시 강서구 허준로 109,37.56701719,126.8523683
서울치현초등학교,7514,서울특별시 강서구 방화대로47길 43,37.57591915,126.8146456
서울지향초등학교,8053,서울특별시 양천구 신정로11길 74,37.51283768,126.8370238
서울정목초등학교,7961,서울특별시 양천구 목동중앙로3길 30-10,37.53652885,126.8700491
서울정곡초등학교,7518,서울특별시 강서구 방화대로50길 22,37.5769597,126.8189328
서울장수초등학교,8080,서울특별시 양천구 신정로13가길 30,37.5129972,126.8451597
서울은정초등학교,8100,서울특별시 양천구 목동남로 85,37.51112797,126.8670434
서울월촌초등학교,7980,서울특별시 양천구 목동중앙로 132,37.54069543,126.876258
서울월정초등학교,7761,서울특별시 강서구 월정로 176,37.53499419,126.8362936
서울우장초등학교,7689,서울특별시 강서구 화곡로 263,37.54963819,126.8459842
서울영도초등학교,7982,서울특별시 양천구 목동중앙로 70,37.53594995,126.8719426
서울염창초등학교,7554,서울특별시 강서구 양천로 646-28,37.55322614,126.8676002
서울염동초등학교,7542,서울특별시 강서구 양천로73길 17,37.55209548,126.8723509
서울염경초등학교,7535,서울특별시 강서구 양천로69길 49,37.55500067,126.8712046
서울양화초등학교,7971,서울특별시 양천구 목동중앙북로16길 57,37.5436693,126.873986
서울양천초등학교,7523,서울특별시 강서구 양천로 329,37.57018817,126.8395397
서울양원초등학교,7909,서울특별시 양천구 화곡로 16,37.53821733,126.8231052
서울양목초등학교,8021,서울특별시 양천구 목동로11길 30,37.52391851,126.8614719
서울양명초등학교,8091,서울특별시 양천구 중앙로 204,37.51637495,126.8566349
서울양동초등학교,7942,서울특별시 양천구 오목로23길 24,37.52584826,126.8512402
서울양강초등학교,7935,서울특별시 양천구 오목로 101,37.52423449,126.8478515
서울신정초등학교,7746,서울특별시 강서구 곰달래로31가길 27,37.53207171,126.8523579
서울신월초등학교,7716,서울특별시 강서구 강서로31길 48,37.54036551,126.8394555
서울신원초등학교,7915,서울특별시 양천구 남부순환로58길 32,37.52951558,126.8298656
서울신서초등학교,8089,서울특별시 양천구 목동서로10길 35,37.52055887,126.8623309
서울신목초등학교,8017,서울특별시 양천구 신목로5길 11-6,37.51661098,126.8726408
서울신남초등학교,8065,서울특별시 양천구 남부순환로83길,37.51645783,126.8431522
서울신기초등학교,8106,서울특별시 양천구 신정로 292,37.51131231,126.854213
서울신곡초등학교,7731,서울특별시 강서구 등촌로13자길 42-14,37.53909546,126.8560096
서울신강초등학교,7931,서울특별시 양천구 중앙로55길 72,37.52584419,126.8422639
서울수명초등학교,7643,서울특별시 강서구 수명로1길 84,37.55277267,126.8238794
서울송화초등학교,7598,서울특별시 강서구 방화대로34길 2,37.56815047,126.8180329
서울송정초등학교,7619,서울특별시 강서구 공항대로3길 18,37.56223089,126.8102813
서울서정초등학교,8002,서울특별시 양천구 목동로8길 19,37.52345012,126.8672362
서울삼정초등학교,7508,서울특별시 강서구 금낭화로 222,37.58050843,126.8104937
서울백석초등학교,7564,서울특별시 강서구 공항대로 491,37.55364765,126.8624258
서울방화초등학교,7611,서울특별시 강서구 양천로6길 92,37.56870373,126.8074982
서울발산초등학교,7640,서울특별시 강서구 강서로45길 113,37.55026244,126.8309944
서울목원초등학교,7978,서울특별시 양천구 목동중앙로 204,37.54293497,126.8824459
서울목운초등학교,7996,서울특별시 양천구 목동동로 235,37.52700952,126.8730442
서울목동초등학교,8010,서울특별시 양천구 목동동로12길 12,37.52280877,126.8721195
서울등현초등학교,7578,서울특별시 강서구 화곡로65길 124,37.56145118,126.8475984
서울등촌초등학교,7669,서울특별시 강서구 등촌로39길 71,37.54761422,126.8579422
서울등원초등학교,7577,서울특별시 강서구 화곡로65길 90,37.55981354,126.850069
서울등양초등학교,7580,서울특별시 강서구 강서로56나길 140,37.56494704,126.8447602
서울등서초등학교,7656,서울특별시 강서구 화곡로58길 86,37.55188439,126.8550381
서울등명초등학교,7585,서울특별시 강서구 강서로56나길 34,37.56089445,126.8423822
서울등마초등학교,7672,서울특별시 강서구 등촌로35길 12,37.54204371,126.8616672
서울내발산초등학교,7693,서울특별시 강서구 강서로46길 23,37.55088255,126.8381642
서울남명초등학교,8077,서울특별시 양천구 중앙로23길 3,37.515684,126.8540837
서울공항초등학교,7798,서울특별시 강서구 마곡서1로 68,37.56309005,126.8216459
서울공진초등학교,7810,서울특별시 강서구 마곡서로 33,37.55782959,126.8226104
서울계남초등학교,8099,서울특별시 양천구 목동동로2길 54,37.51016776,126.8600159
서울경인초등학교,7985,서울특별시 양천구 안양천로 1009,37.53287102,126.8856957
서울개화초등학교,7507,서울특별시 강서구 양천로 11,37.57394373,126.8046464
서울강월초등학교,8042,서울특별시 양천구 신월로 97,37.51634172,126.8334319
서울강신초등학교,7901,서울특별시 양천구 월정로 280,37.54209971,126.8295837
서울강서초등학교,7930,서울특별시 양천구 오목로 31,37.52241272,126.8409879
서울갈산초등학교,8100,서울특별시 양천구 목동로 31,37.51237156,126.8702299
서울가양초등학교,7533,서울 강서구 허준로 186,37.56221719,126.8585216
서울가곡초등학교,7633,서울특별시 강서구 공항대로36길 74,37.55570761,126.8361031
서울대학교사범대학부설초등학교,3087,서울특별시 종로구 대학로 64,37.5775997,127.0042955
운현초등학교,3131,서울특별시 종로구 삼일대로 460,37.57663053,126.9881575
신광초등학교,4313,서울특별시 용산구 청파로 263,37.54289988,126.9694475
숭의초등학교,4628,서울특별시 중구 소파로2길 10,37.55785307,126.9874816
서울흥인초등학교,4586,서울특별시 중구 청구로6길 11,37.56087001,127.0145555
서울후암초등학교,4328,서울특별시 용산구 두텁바위로 140,37.55136541,126.9817243
서울효제초등학교,3126,서울특별시 종로구 대학로 12,37.57268958,127.003491
서울혜화초등학교,3067,서울특별시 종로구 혜화로 32,37.58863443,127.0002536
서울한남초등학교,4418,서울특별시 용산구 한남대로 112,37.53920365,127.0055998
서울한강초등학교,4388,서울특별시 용산구 한강대로14길 9,37.52522617,126.9650994
서울충무초등학교,4618,서울 중구 퇴계로50길 13,37.56194948,127.0012351
서울청파초등학교,4306,서울특별시 용산구 효창원로 228,37.5473049,126.9635439
서울청운초등학교,3032,서울특별시 종로구 자하문로 105,37.58592131,126.9692367
서울청구초등학교,4589,서울특별시 중구 다산로 170,37.55911668,127.0137244
서울창신초등학교,3103,서울특별시 종로구 지봉로 73,37.57621147,127.0142937
서울재동초등학교,3056,서울특별시 종로구 북촌로4길 7,37.58002991,126.9851778
서울장충초등학교,4609,서울특별시 중구 청구로17길 40,37.55997122,127.0117048
서울이태원초등학교,4345,서울특별시 용산구 녹사평대로40길 19,37.53647771,126.9876727
서울원효초등학교,4357,서울특별시 용산구 효창원로13길 38,37.53616126,126.9515453
서울용암초등학교,4341,서울특별시 용산구 녹사평대로60길 39,37.5453029,126.9894348
서울용산초등학교,4375,서울 용산구 한강대로57길 33,37.53561344,126.9725506
서울신용산초등학교,4423,서울특별시 용산구 이촌로 255,37.52062959,126.9753663
서울신당초등학교,4579,서울특별시 중구 난계로 141,37.56362621,127.0236731
서울세검정초등학교,3014,서울특별시 종로구 세검정로9길 1,37.60346883,126.9609688
서울서빙고초등학교,4384,서울특별시 용산구 서빙고로51길 14,37.52206892,126.9923004
서울삼광초등학교,4335,서울특별시 용산구 두텁바위로1나길 19,37.54775231,126.9765943
서울봉래초등학교,4501,서울특별시 중구 손기정로 73,37.55641234,126.9652506
서울보광초등학교,4407,서울특별시 용산구 우사단로 20,37.53254047,126.9963911
서울명신초등학교,3093,서울특별시 종로구 낙산길 250,37.58145126,127.0146229
서울매동초등학교,3027,서울특별시 종로구 사직로9길 19,37.57749965,126.9669415
서울독립문초등학교,3025,서울특별시 종로구 통일로12길 23,37.57421553,126.9599722
서울덕수초등학교,4519,서울특별시 중구 덕수궁길 140,37.56908888,126.9746579
서울남정초등학교,4368,서울특별시 용산구 원효로64길 17-10,37.53567383,126.9648037
서울남산초등학교,4629,서울특별시 중구 퇴계로22길 17,37.55978374,126.9867767
서울금양초등학교,4318,서울특별시 용산구 효창원로 137,37.54094231,126.9618319
서울교동초등학교,3132,서울특별시 종로구 삼일대로 446,37.57500567,126.9881513
서울광희초등학교,4569,서울특별시 중구 다산로 269,37.56729928,127.0156879
상명대학교사범대학부속초등학교,3015,서울특별시 종로구 홍지문2길 1,37.60074851,126.9564255
리라초등학교,4628,서울특별시 중구 소파로2길 7,37.5578197,126.9879807
동산초등학교,4592,서울특별시 중구 매봉18길 109,37.55620463,127.0167254
화랑초등학교,1797,서울특별시 노원구 화랑로 621,37.62878266,127.0889915
한신초등학교,1438,서울특별시 도봉구 노해로49길 69,37.65335584,127.0324273
태강삼육초등학교,1795,서울특별시 노원구 화랑로 815,37.64335737,127.1088503
청원초등학교,1672,서울특별시 노원구 한글비석로 506,37.66525155,127.0625329
서울한천초등학교,1911,서울특별시 노원구 마들로 45,37.62070936,127.0692435
서울태릉초등학교,1823,서울특별시 노원구 노원로1길 36,37.6231024,127.0850589
서울태랑초등학교,1801,서울특별시 노원구 화랑로51나길 31,37.62625056,127.0906031
서울초당초등학교,1364,서울특별시 도봉구 해등로32길 11,37.65862783,127.0219562
서울청계초등학교,1781,서울특별시 노원구 공릉로 431,37.64503406,127.0661389
서울창일초등학교,1424,서울특별시 도봉구 노해로66길 84,37.64765764,127.0476263
서울창원초등학교,1427,서울특별시 도봉구 해등로 103,37.65264409,127.0399799
서울창림초등학교,1486,서울특별시 도봉구 덕릉로63길 46,37.64323708,127.0416041
서울창동초등학교,1400,서울특별시 도봉구 해등로16길 81,37.65536304,127.0448329
서울창도초등학교,1338,서울특별시 도봉구 방학로 32-28,37.66413487,127.048784
서울창경초등학교,1432,서울특별시 도봉구 도봉로129길 54,37.65660218,127.0346025
서울중현초등학교,1862,서울특별시 노원구 섬밭로 181,37.63251462,127.0659521
서울중평초등학교,1776,서울특별시 노원구 섬밭로 241,37.63753357,127.0639651
서울중원초등학교,1777,서울특별시 노원구 섬밭로 316,37.64398229,127.0627694
서울중계초등학교,1699,서울특별시 노원구 한글비석로19길 39,37.65784243,127.0733117
서울자운초등학교,1411,서울특별시 도봉구 마들로13길 166,37.65801094,127.0466811
서울을지초등학교,1741,서울특별시 노원구 중계로 239,37.65058885,127.0730918
서울월천초등학교,1420,서울특별시 도봉구 노해로70길 96,37.64804738,127.0517539
서울월계초등학교,1882,서울특별시 노원구 월계로45가길 10,37.62761858,127.0501876
서울원광초등학교,1713,서울특별시 노원구 덕릉로76길 18,37.65431092,127.0749142
서울용원초등학교,1851,서울특별시 노원구 섬밭로 144,37.62992285,127.0689401
서울용동초등학교,1789,서울특별시 노원구 한글비석로1길 81-11,37.64108381,127.0690818
서울온곡초등학교,1671,서울특별시 노원구 한글비석로52길 59,37.66754054,127.0659102
서울오봉초등학교,1310,서울특별시 도봉구 시루봉로 285,37.67171849,127.040259
서울연촌초등학교,1810,서울특별시 노원구 공릉로58길 36,37.63441465,127.0725113
서울연지초등학교,1864,서울특별시 노원구 월계로55길 48,37.63319251,127.0595343
서울쌍문초등학교,1378,서울특별시 도봉구 우이천로 360,37.64836383,127.0242911
서울신화초등학교,1482,서울특별시 도봉구 우이천로 120,37.63319504,127.0408842
서울신학초등학교,1362,서울특별시 도봉구 방학로 247-21,37.66122045,127.0257213
서울신창초등학교,1480,서울특별시 도봉구 덕릉로60길 93,37.63653953,127.0420843
서울신상계초등학교,1639,서울특별시 노원구 상계로 267,37.66751782,127.0758263
서울신방학초등학교,1316,서울특별시 도봉구 시루봉로 173,37.66668425,127.0289181
서울신계초등학교,1877,서울특별시 노원구 초안산로 29,37.62979163,127.052769
서울숭미초등학교,1380,서울특별시 도봉구 노해로 179,37.65102344,127.0279443
서울수암초등학교,1725,서울특별시 노원구 중계로12길 9,37.64769283,127.0814646
서울수락초등학교,1602,서울특별시 노원구 동일로 1745,37.68450319,127.0551852
서울선곡초등학교,1899,서울특별시 노원구 광운로2길 1,37.61869442,127.0578029
서울상천초등학교,1765,서울특별시 노원구 덕릉로 443,37.64628513,127.0578083
서울상월초등학교,1687,서울특별시 노원구 동일로221길 27,37.65865224,127.05698
서울상원초등학교,1672,서울특별시 노원구 한글비석로54길 119,37.66767313,127.0597173
서울상수초등학교,1755,서울특별시 노원구 동일로216길 66,37.65110502,127.0647586
서울상곡초등학교,1677,서울특별시 노원구 노원로38길 34,37.66290401,127.0620747
서울상계초등학교,1685,서울특별시 노원구 상계로9길 39,37.65962546,127.066495
서울상경초등학교,1618,서울특별시 노원구 수락산로 237,37.67055214,127.0516742
서울불암초등학교,1721,서울특별시 노원구 중계로 178,37.65078442,127.0806018
서울백운초등학교,1368,서울특별시 도봉구 삼양로146길 17,37.65264151,127.0136725
서울방학초등학교,1357,서울특별시 도봉구 도당로9길 34,37.66393373,127.032748
서울동일초등학교,1619,서울특별시 노원구 한글비석로 566,37.66481537,127.05417
서울도봉초등학교,1313,서울특별시 도봉구 도봉로173길 96,37.67996175,127.0382887
서울덕암초등학교,1645,서울특별시 노원구 덕릉로112길 68,37.6666212,127.0814598
서울당현초등학교,1764,서울특별시 노원구 동일로213길 52,37.64826016,127.0582136
서울누원초등학교,1318,서울특별시 도봉구 마들로 859-44,37.68723271,127.0492672
서울녹천초등학교,1907,서울특별시 노원구 마들로3길 34,37.6285066,127.0631172
서울노일초등학교,1613,서울특별시 노원구 동일로 1625,37.67375444,127.0549667
서울노원초등학교,1629,서울특별시 노원구 동일로230나길 32,37.67359347,127.0584544
서울공연초등학교,1841,서울특별시 노원구 동일로192가길 16,37.62754753,127.0745089
서울공릉초등학교,1861,서울특별시 노원구 동일로173길 12,37.61861443,127.0746314
서울계상초등학교,1680,서울특별시 노원구 한글비석로41가길 24,37.66219777,127.0686777
서울가인초등학교,1397,서울특별시 도봉구 도봉로136다길 4,37.6594678,127.0429509
상명초등학교,1758,서울특별시 노원구 덕릉로 541,37.64872348,127.0669678
동북초등학교,1375,서울특별시 도봉구 시루봉로 53,37.65634868,127.0268766
서울항동초등학교,8368,서울특별시 구로구 연동로 178,37.47701589,126.8241103
서울하늘숲초등학교,8350,서울특별시 구로구 오리로 1106,37.48415943,126.841482
서울금나래초등학교,8611,서울특별시 금천구 시흥대로79길 37,37.45823,126.8962056
서울천이초등학교,8350,서울특별시 구로구 오류로 30,37.48636795,126.8399921
서울천왕초등학교,8364,서울특별시 구로구 천왕로1길 11,37.48145598,126.8370629
서울탑동초등학교,8575,서울특별시 금천구 탑골로 47-3,37.45251655,126.9153675
서울정심초등학교,8556,서울특별시 금천구 독산로78다길 89,37.47199405,126.9082144
서울윤중초등학교,7322,서울특별시 영등포구 여의나루로2길 14,37.51964164,126.9225908
서울우신초등학교,7347,서울특별시 영등포구 신길로 190,37.50986472,126.9118637
서울온수초등학교,8260,서울특별시 구로구 부일로 893,37.49400506,126.8259667
서울오정초등학교,8359,서울특별시 구로구 경인로2길 10,37.49016566,126.8264392
서울오류초등학교,8268,서울특별시 구로구 경인로19길 39,37.49752741,126.84203
서울오류남초등학교,8342,서울특별시 구로구 서해안로24길 22,37.48968652,126.8391127
서울영중초등학교,7245,서울특별시 영등포구 양산로 185,37.5241433,126.9036955
서울영일초등학교,8321,서울특별시 구로구 남부순환로105길 218,37.48564539,126.8838134
서울영원초등학교,7365,서울특별시 영등포구 도영로 22길 31,37.51071936,126.9021825
서울영신초등학교,7350,서울특별시 영등포구 도신로60길 23,37.51017196,126.9181221
서울영서초등학교,8370,서울특별시 구로구 도림로20길 57,37.48896082,126.8955833
서울영문초등학교,7281,서울특별시 영등포구 문래로 56,37.51980741,126.8875891
서울영림초등학교,7445,서울특별시 영등포구 시흥대로173길 14,37.48734601,126.9025161
서울영등포초등학교,7363,서울특별시 영등포구 경인로 756,37.51294802,126.89826
서울영동초등학교,7229,서울특별시 영등포구 국회대로53길 20,37.52700691,126.9077034
서울영남초등학교,8551,서울특별시 금천구 문성로 62-15,37.47612262,126.9092099
서울여의도초등학교,7341,서울특별시 영등포구 여의대방로 439,37.52320482,126.9367944
서울안천초등학교,8597,서울특별시 금천구 한내로 69-16,37.45874564,126.88839
서울신흥초등학교,8569,서울특별시 금천구 독산로36나길 21,37.45934816,126.9093508
서울신영초등학교,7378,서울특별시 영등포구 도신로4길 32,37.50100602,126.8960948
서울신미림초등학교,8211,서울특별시 구로구 신도림로 26,37.50714192,126.8795527
서울신도림초등학교,8201,서울특별시 구로구 신도림로19길 44,37.51198439,126.8832546
서울신대림초등학교,7439,서울특별시 영등포구 대림로8길 25,37.49215682,126.9058139
서울신구로초등학교,8299,서울특별시 구로구 가마산로27길 69,37.49966003,126.8897631
서울시흥초등학교,8627,서울특별시 금천구 독산로23길 26,37.45534062,126.9046393
서울세곡초등학교,8245,서울특별시 구로구 고척로33길 34,37.5050561,126.8491198
서울선유초등학교,7210,서울특별시 영등포구 선유로43가길 14,37.53287919,126.8927768
서울백산초등학교,8650,서울특별시 금천구 시흥대로38길 78,37.446786,126.905146
서울미래초등학교,8288,서울특별시 구로구 새말로 73,37.50510665,126.8880803
서울문성초등학교,8540,서울특별시 금천구 시흥대로 460,37.47491196,126.8994492
서울문백초등학교,8634,서울특별시 금천구 시흥대로47길 43-1,37.44707627,126.8986974
서울문래초등학교,7295,서울특별시 영등포구 문래로 104,37.51914038,126.8936057
서울문교초등학교,8561,서울특별시 금천구 독산로54길 102,37.46672027,126.9088159
서울매봉초등학교,8251,서울특별시 구로구 고척로21길 55,37.50491523,126.8443653
서울두산초등학교,8587,서울특별시 금천구 범안로11길 3,37.46754839,126.8909461
서울동구로초등학교,8303,서울특별시 구로구 구로중앙로14길 43,37.49407053,126.8927802
서울독산초등학교,8617,서울특별시 금천구 시흥대로104길 31,37.46565691,126.8997128
서울도신초등학교,7409,서울특별시 영등포구 도림로53길 32-9,37.49926789,126.9007141
서울도림초등학교,7384,서울특별시 영등포구 가마산로65길 22,37.50750302,126.9072907
서울덕의초등학교,8241,서울특별시 구로구 고척로 213,37.50602797,126.857346
서울대영초등학교,7397,서울특별시 영등포구 신길로23길 43,37.50267937,126.9063367
서울대방초등학교,7391,서울특별시 영등포구 여의대방로35길 14,37.50290012,126.9190202
서울대동초등학교,7418,서울특별시 영등포구 대림로21길 6,37.49370503,126.9001194
서울대길초등학교,7434,서울특별시 영등포구 대방천로 206,37.49817686,126.9131739
서울당중초등학교,7271,서울특별시 영등포구 선유로 131,37.52628923,126.8894135
서울당서초등학교,7213,서울특별시 영등포구 당산로 187,37.53202744,126.8998142
서울당산초등학교,7206,서울특별시 영등포구 선유로55길 32,37.54011912,126.8962411
서울금천초등학교,8571,서울특별시 금천구 탑골로5길 60,37.45481034,126.9128749
서울금산초등학교,8651,서울특별시 금천구 시흥대로24길 57,37.44144269,126.9080871
서울금동초등학교,8645,서울특별시 금천구 금하로30길 53,37.44773848,126.9163989
서울구일초등학교,8324,서울특별시 구로구 구일로 68,37.49319187,126.8734727
서울구로초등학교,8283,서울특별시 구로구 구로중앙로27나길 9,37.49746187,126.8865543
서울구로남초등학교,8375,서울특별시 구로구 디지털로27길 76,37.48420602,126.8902182
서울고척초등학교,8232,서울특별시 구로구 경서로 31,37.50094829,126.8569793
서울고원초등학교,8275,서울특별시 구로구 경인로46길 13,37.49761122,126.8657993
서울고산초등학교,8223,서울특별시 구로구 중앙로 6,37.49897255,126.8647727
서울개웅초등학교,8349,서울특별시 구로구 개봉로11길 98,37.48857132,126.8499823
서울개봉초등학교,8333,서울특별시 구로구 개봉로16길 30-11,37.48952491,126.857976
서울개명초등학교,8355,서울특별시 구로구 개봉로1다길 16-9,37.48303904,126.8509791
서울가산초등학교,8530,서울특별시 금천구 남부순환로 1304-11,37.47816515,126.8963297
동광초등학교,8656,서울특별시 금천구 탑골로10길 45,37.45193626,126.9158199
서울어울초등학교,3370,서울특별시 은평구 통일로 650,37.60656331,126.9350586
서울가재울초등학교,3711,서울특별시 서대문구 모래내로15길 61,37.57376442,126.918388
서울은빛초등학교,3301,서울특별시 은평구 진관3로 73-17,37.64266166,126.9190801
서울하늘초등학교,3918,서울특별시 마포구 월드컵북로 502-14,37.5858088,126.8808619
서울수리초등학교,3362,서울특별시 은평구 불광로14길 10-10,37.62030737,126.9341109
홍익대학교사범대학부속초등학교,3967,서울특별시 마포구 성미산로 51,37.55964474,126.9132084
충암초등학교,3481,서울특별시 은평구 가좌로5길 5,37.58464029,126.9218095
추계초등학교,3762,서울특별시 서대문구 북아현로11가길 7,37.56317672,126.9540593
이화여자대학교사범대학부속초등학교,3765,서울특별시 서대문구 성산로 512-39,37.56115022,126.9427751
은혜초등학교,3351,서울특별시 은평구 통일로78가길 20,37.61775859,126.9273984
예일초등학교,3412,서울특별시 은평구 연서로 117,37.6109459,126.9147928
선일초등학교,3322,서울특별시 은평구 갈현로29길 27,37.62030421,126.9119931
서울홍제초등학교,3616,서울특별시 서대문구 홍은중앙로 13,37.59350546,126.9454205
서울홍은초등학교,3617,서울특별시 서대문구 세검정로 105,37.59754027,126.949458
서울홍연초등학교,3657,서울특별시 서대문구 백련사길 55,37.58211871,126.9306604
서울한서초등학교,4123,서울특별시 마포구 대흥로24바길 27,37.55364783,126.9497788
서울창천초등학교,4102,서울특별시 마포구 백범로1길 56,37.55491782,126.9392951
서울창서초등학교,3787,서울특별시 서대문구 연세로5나길 30-3,37.55814305,126.9334809
서울진관초등학교,3303,서울특별시 은평구 진관4로 78-16,37.64543483,126.9292166
서울증산초등학교,3493,서울특별시 은평구 증산서길 61,37.58256527,126.9042764
서울중동초등학교,3949,서울특별시 마포구 월드컵북로 152,37.56641061,126.9117752
서울인왕초등학교,3629,서울특별시 서대문구 세무서길 33-9,37.59021988,126.9448045
서울응암초등학교,3470,서울특별시 은평구 가좌로6길 20,37.58875319,126.9216161
서울은평초등학교,3382,서울특별시 은평구 은평로 239,37.60230404,126.9340336
서울은진초등학교,3311,서울특별시 은평구 진관1로 21-20,37.63304404,126.920996
서울은명초등학교,3453,서울특별시 은평구 은평로4길 21-9,37.59767912,126.9182757
서울용강초등학교,4136,서울특별시 마포구 백범로17길 9,37.54910215,126.9440443
서울염리초등학교,4155,서울특별시 마포구 토정로37길 37,37.54271029,126.945999
서울연희초등학교,3723,서울특별시 서대문구 연희로 136,37.56904593,126.9341423
서울연천초등학교,3348,서울특별시 은평구 연서로34길 22,37.62134929,126.9299179
서울연은초등학교,3476,서울특별시 은평구 백련산로2길 35,37.59051222,126.9251126
서울연신초등학교,3338,서울특별시 은평구 연서로 347,37.62605996,126.9277513
서울연광초등학교,3342,서울특별시 은평구 연서로35길 37,37.62364876,126.923909
서울연가초등학교,3670,서울특별시 서대문구 증가로12가길 49-50,37.5795632,126.9173292
서울역촌초등학교,3420,서울특별시 은평구 은평로3길 25,37.60158417,126.913928
서울안산초등학교,3731,서울특별시 서대문구 통일로 321,37.57916901,126.9522097
서울아현초등학교,4117,서울특별시 마포구 굴레방로 6,37.5558319,126.9562422
서울신석초등학교,4090,서울특별시 마포구 대흥로 33,37.54453582,126.9377793
서울신사초등학교,3442,서울특별시 은평구 가좌로 275-2,37.59283483,126.9119832
서울신북초등학교,3941,서울특별시 마포구 월드컵북로38길 26,37.57110496,126.9053603
서울신도초등학교,3310,서울특별시 은평구 진관1로 77-23,37.63293843,126.9291989
서울수색초등학교,3489,서울특별시 은평구 수색로16길 21,37.58517215,126.8960121
서울소의초등학교,4202,서울특별시 마포구 마포대로24길 42,37.55278186,126.9606556
서울성원초등학교,3939,서울특별시 마포구 월드컵로36길 34,37.56697656,126.9050853
서울성서초등학교,3968,서울특별시 마포구 성미산로7길 24,37.56059575,126.9109242
서울성산초등학교,4023,서울특별시 마포구 양화로3길 94,37.55342789,126.9109504
서울서신초등학교,3444,서울특별시 은평구 은평터널로 150,37.59229405,126.9073823
서울서교초등학교,4054,서울특별시 마포구 와우산로23길 20-27,37.55488903,126.9243787
서울서강초등학교,4067,서울특별시 마포구 독막로 113,37.54869715,126.9268951
서울상지초등학교,3905,서울특별시 마포구 월드컵로42길 30,37.57975102,126.8820736
서울상암초등학교,3912,서울특별시 마포구 월드컵북로 353,37.57633795,126.8923441
서울상신초등학교,3439,서울특별시 은평구 가좌로 361,37.59755372,126.9046049
서울불광초등학교,3358,서울특별시 은평구 불광로 51,37.61342945,126.9307187
서울북한산초등학교,3307,서울특별시 은평구 대서문길 42-3,37.65363208,126.9504624
서울북성초등학교,3769,서울특별시 서대문구 북아현로1나길 22,37.55963212,126.9518349
서울북가좌초등학교,3714,서울특별시 서대문구 거북골로19길 20,37.57722021,126.9077782
서울미동초등학교,3740,서울특별시 서대문구 충정로 52,37.56335057,126.9658861
서울망원초등학교,3955,서울특별시 마포구 방울내로5길 28,37.56088948,126.9007631
서울마포초등학교,4171,서울특별시 마포구 도화2길 64,37.53860225,126.949816
서울동교초등학교,3959,서울특별시 마포구 월드컵로25길 86,37.55862448,126.9024006
서울대조초등학교,3388,서울특별시 은평구 연서로18길 17,37.61357914,126.9193022
서울대은초등학교,3391,서울특별시 은평구 통일로69길 12-15,37.61236712,126.9258698
서울대신초등학교,3767,서울특별시 서대문구 이화여대2길 27,37.55794755,126.9480572
서울녹번초등학교,3380,서울특별시 은평구 녹번로1길 1,37.60458339,126.9257463
서울금화초등학교,3735,서울특별시 서대문구 통일로 165,37.56882755,126.9629414
서울구현초등학교,3428,서울특별시 은평구 갈현로15길 51,37.60984462,126.9057802
서울구산초등학교,3426,서울특별시 은평구 서오릉로15길 16,37.61275096,126.9093765
서울공덕초등학교,4214,서울 마포구 만리재옛길 13,37.54580335,126.9548231
서울고은초등학교,3645,서울특별시 서대문구 모래내로 441,37.58500184,126.9439749
서울갈현초등학교,3331,서울특별시 은평구 연서로29길 31,37.61977964,126.9166834
명지초등학교,3656,서울특별시 서대문구 명지2길 32-20,37.58362994,126.9282315
경기초등학교,3746,서울특별시 서대문구 경기대로9길 10,37.56511029,126.9628606
서울새솔초등학교,2055,서울특별시 중랑구 신내역로1길 164,37.6179524,127.1113284
서울삼육초등학교,2458,서울특별시 동대문구 회기로10길 63,37.5887715,127.0471713
은석초등학교,2520,서울특별시 동대문구 장안벚꽃로 205,37.57855999,127.0757616
서울휘봉초등학교,2511,서울특별시 동대문구 장안벚꽃로 309,37.58567641,127.0700416
서울휘경초등학교,2495,서울특별시 동대문구 망우로6길 48,37.58575014,127.0582142
서울홍파초등학교,2479,서울특별시 동대문구 고산자로 518,37.58620315,127.0395199
서울홍릉초등학교,2457,서울특별시 동대문구 회기로 90,37.59068752,127.0477051
서울청량초등학교,2452,서울특별시 동대문구 회기로25길 31,37.5923094,127.0559085
서울중흥초등학교,2089,서울특별시 중랑구 봉화산로 82,37.60167188,127.0841422
서울중화초등학교,2085,서울특별시 중랑구 신내로7가길 22,37.60292163,127.094065
서울중목초등학교,2130,서울특별시 중랑구 동일로 665,37.59008735,127.0793732
서울중랑초등학교,2132,서울특별시 중랑구 봉우재로6길 26,37.58966282,127.0755035
서울중곡초등학교,2245,서울특별시 중랑구 면목로23길 20,37.57489173,127.083439
서울종암초등학교,2574,서울특별시 동대문구 무학로44길 25,37.58230741,127.0318564
서울전동초등학교,2508,서울특별시 동대문구 전농로16길 61,37.57908329,127.0608053
서울전농초등학교,2541,서울특별시 동대문구 사가정로 66,37.57473031,127.0543331
서울전곡초등학교,2505,서울특별시 동대문구 전농로 172,37.58070429,127.0560124
서울장평초등학교,2523,서울특별시 동대문구 답십리로,37.57287069,127.0589583
서울이문초등학교,2411,서울특별시 동대문구 신이문로 16,37.60189649,127.064885
서울원묵초등학교,2022,서울특별시 중랑구 숙선옹주로 109,37.61774881,127.0868142
서울용두초등학교,2583,서울특별시 동대문구 천호대로13길 43,37.57641309,127.0283872
서울안평초등학교,2641,서울특별시 동대문구 장한로14길 61,37.56596821,127.0720334
서울신현초등학교,2075,서울특별시 중랑구 봉화산로 188,37.60581459,127.0935218
서울신묵초등학교,2011,서울특별시 중랑구 동일로149길 46,37.60652285,127.0758358
서울신답초등학교,2592,서울특별시 동대문구 천호대로 177,37.57270461,127.0429617
서울신내초등학교,2071,서울특별시 중랑구 용마산로125나길 22,37.60493422,127.1001285
서울상봉초등학교,2096,서울특별시 중랑구 동일로126가길 11,37.59797895,127.0831714
서울봉화초등학교,2027,서울특별시 중랑구 신내로15길 110,37.61357623,127.0924085
서울배봉초등학교,2509,서울특별시 동대문구 사가정로 193,37.58008416,127.0668719
서울묵현초등학교,2008,서울특별시 중랑구 동일로157길 75,37.6090804,127.0736904
서울묵동초등학교,2050,서울특별시 중랑구 동일로138길 27,37.60335949,127.0808272
서울면중초등학교,2193,서울특별시 중랑구 용마산로70길 43,37.58244179,127.0965509
서울면일초등학교,2184,서울특별시 중랑구 용마산로100길 13,37.5920416,127.0997947
서울면북초등학교,2180,서울특별시 중랑구 용마공원로5길 32,37.59441816,127.1035478
서울면목초등학교,2160,서울특별시 중랑구 면목로 434,37.5906966,127.0872878
서울면동초등학교,2220,서울특별시 중랑구 면목로57길 32,37.58535152,127.0865922
서울면남초등학교,2251,서울특별시 중랑구 면목로30나길 38,37.57725972,127.0876664
서울망우초등학교,2179,서울특별시 중랑구 망우로72길 49,37.59873698,127.1038418
서울동원초등학교,2061,서울특별시 중랑구 송림길 114,37.60466834,127.1042921
서울동답초등학교,2609,서울특별시 동대문구 답십리로60길 12,37.57150142,127.0640341
서울답십리초등학교,2601,서울특별시 동대문구 전농로3길 23,37.56880432,127.055427
서울군자초등학교,2632,서울특별시 동대문구 한천로6길 21,37.56412232,127.0605233
금성초등학교,2028,서울특별시 중랑구 신내로21길 55,37.61531513,127.0898585
경희초등학교,2447,서울특별시 동대문구 경희대로 26,37.59394914,127.054891
행당중학교,4764,서울특별시 성동구 왕십리로 189,37.55455404,127.0419634
한양대학교사범대학부속중학교,4761,서울특별시 성동구 마조로 42,37.56191884,127.042324
자양중학교,5069,서울특별시 광진구 뚝섬로41길 33,37.53539805,127.074384
용곡중학교,4940,서울특별시 광진구 용마산로22길 76,37.56595126,127.0890896
옥정중학교,4734,서울특별시 성동구 한림말길 11,37.54167037,127.0129832
양진중학교,4982,서울특별시 광진구 워커힐로 32,37.54457517,127.0983114
신양중학교,5087,서울특별시 광진구 자양강변길 73,37.53365227,127.0634253
성원중학교,4775,서울특별시 성동구 성덕정9가길 13,37.53945182,127.0513835
성수중학교,4768,서울특별시 성동구 서울숲길 18,37.54734181,127.0382534
무학중학교,4716,서울특별시 성동구 행당로 120,37.55770119,127.0319922
마장중학교,4753,서울특별시 성동구 마장로35나길 31,37.56830949,127.042128
대원국제중학교,4939,서울특별시 광진구 용마산로22길 26,37.56245022,127.0893767
동마중학교,4759,서울특별시 성동구 마조로11길 18,37.56280251,127.0403512
동국대학교사범대학부속여자중학교,5038,서울특별시 광진구 광나루로36길 47,37.54192936,127.0869731
구의중학교,5022,서울특별시 광진구 광나루로30길 80,37.5428503,127.0788404
광희중학교,4742,서울특별시 성동구 독서당로62길 46,37.55115453,127.03398
광진중학교,5114,서울특별시 광진구 뚝섬로64길 45,37.53221959,127.0901621
광장중학교,4966,서울특별시 광진구 광장로1길 1,37.54717752,127.1019276
광양중학교,5104,서울특별시 광진구 자양로3길 7,37.53089134,127.08617
광남중학교,4973,서울특별시 광진구 아차산로70길 17-62,37.54083041,127.1016439
경일중학교,4779,서울특별시 성동구 성수일로 27,37.54382982,127.0478683
경수중학교,4785,서울특별시 성동구 뚝섬로13길 14,37.53950904,127.0592712
건국대학교사범대학부속중학교,5025,서울특별시 광진구 자양로 145-1,37.54172407,127.0815971
중앙대학교사범대학부속중학교,6980,서울특별시 동작구 서달로 124,37.50362942,126.9617326
장승중학교,6963,서울특별시 동작구 장승배기로10가길 25,37.50314858,126.940834
인헌중학교,8795,서울특별시 관악구 인헌9길 35,37.47269621,126.9688402
영등포중학교,6933,서울특별시 동작구 등용로8길 5,37.5080846,126.9331435
신림중학교,8841,서울특별시 관악구 신림로 40,37.47032734,126.946004
신관중학교,8781,서울특별시 관악구 신림로48길 17-16,37.48020125,126.9344522
숭의여자중학교,6944,서울특별시 동작구 여의대방로36길 79,37.50736414,126.9292433
성보중학교,8773,서울특별시 관악구 남부순환로156길 39,37.48072837,126.9209573
성남중학교,6946,서울특별시 동작구 대방동길 74,37.50528157,126.9266153
서울문영여자중학교,8833,서울특별시 관악구 관악로 85,37.47290457,126.9509181
상현중학교,7028,서울특별시 동작구 사당로2길 2-19,37.49415578,126.9606077
상도중학교,7028,서울특별시 동작구 사당로2가길 72,37.4909219,126.9614756
삼성중학교,8816,서울특별시 관악구 신림로3가길 39-24,37.4676059,126.9425132
사당중학교,7003,서울특별시 동작구 사당로9가길 58,37.48776119,126.9685407
봉원중학교,8736,서울특별시 관악구 관악로24가길 15,37.48410274,126.9588909
봉림중학교,8782,서울특별시 관악구 장군봉길 72,37.48119817,126.9377027
미성중학교,8863,서울특별시 관악구 문성로16길 40,37.47538281,126.9120889
문창중학교,7057,서울특별시 동작구 여의대방로22나길 40,37.49586094,126.9224055
동작중학교,6992,서울특별시 동작구 동작대로39가길 83,37.49546195,126.9778016
동양중학교,6910,서울특별시 동작구 흑석로9길 94,37.51022314,126.9574775
대방중학교,7064,서울특별시 동작구 여의대방로10길 24,37.49543678,126.9130162
당곡중학교,8711,서울특별시 관악구 봉천로13길 101,37.4923589,126.9326777
남성중학교,7022,서울특별시 동작구 남부순환로269길 166,37.47900822,126.9724141
남서울중학교,8773,서울특별시 관악구 남부순환로172길 97,37.48213625,126.9210371
남강중학교,8854,서울특별시 관악구 난곡로34길 80,37.47137567,126.9249091
난우중학교,8857,서울특별시 관악구 난곡로16길 32,37.46680396,126.9228283
국사봉중학교,7038,서울특별시 동작구 양녕로20길 20,37.49353263,126.9440557
구암중학교,8723,서울특별시 관악구 성현로 53,37.49276407,126.948602
광신중학교,8847,서울특별시 관악구 광신길 141,37.4644762,126.9259406
관악중학교,8741,서울특별시 관악구 남부순환로237길 60,37.48125828,126.9619123
강현중학교,6953,서울특별시 동작구 상도로13라길 22,37.50311599,126.9307563
강남중학교,6955,서울특별시 동작구 대방동15길 29,37.50276263,126.9233466
강빛중학교,5201,서울특별시 강동구 아리수로93다길 1,37.57434332,127.1707749
해누리중학교,5698,서울특별시 송파구 송파대로37길 95,37.49841159,127.1021242
한영중학교,5279,서울특별시 강동구 동남로 832,37.54914056,127.1577731
한산중학교,5371,서울특별시 강동구 풍성로 251,37.52890274,127.1403034
풍성중학교,5506,서울특별시 송파구 강동대로2길 27,37.52543858,127.1128839
풍납중학교,5506,서울특별시 송파구 올림픽로43길 20,37.52535051,127.1156283
천호중학교,5308,서울특별시 강동구 상암로 153,37.54651926,127.139698
천일중학교,5323,서울특별시 강동구 천중로 57,37.54590987,127.1276362
정신여자중학교,5571,서울특별시 송파구 올림픽로4길 16,37.50945384,127.0738473
잠실중학교,5504,서울특별시 송파구 올림픽로35길 130,37.51781757,127.0986662
잠신중학교,5502,서울특별시 송파구 잠실로 12,37.51613937,127.0878168
일신여자중학교,5676,서울특별시 송파구 송파대로38길 8,37.50179413,127.1142413
오주중학교,5728,서울특별시 송파구 동남로 281,37.50150661,127.1362653
오륜중학교,5649,서울특별시 송파구 양재대로 1242,37.51632395,127.1389238
오금중학교,5660,서울특별시 송파구 오금로35길 20,37.50527064,127.1288011
영파여자중학교,5529,서울특별시 송파구 올림픽로 565,37.53273562,127.1197395
아주중학교,5572,서울특별시 송파구 올림픽로4길 69,37.50523028,127.0765497
신천중학교,5501,서울특별시 송파구 백제고분로 11,37.51625001,127.0792834
신암중학교,5238,서울특별시 강동구 고덕로 65,37.55636169,127.1336043
신명중학교,5300,서울특별시 강동구 명일로24길 25,37.54181449,127.1492919
송파중학교,5823,서울특별시 송파구 동남로 203,37.49592462,127.1299324
송례중학교,5853,서울특별시 송파구 위례순환로 429,37.47783301,127.1397345
세륜중학교,5654,서울특별시 송파구 양재대로72길 41,37.50893314,127.1312464
성덕여자중학교,5306,서울특별시 강동구 구천면로 396,37.54996367,127.1419039
성내중학교,5396,서울특별시 강동구 성안로7길 36,37.52906191,127.1291173
석촌중학교,5706,서울특별시 송파구 송이로15길 13,37.50145499,127.1211174
서울체육중학교,5541,서울특별시 송파구 강동대로 232,37.52233038,127.1298226
상일여자중학교,5282,서울특별시 강동구 천호대로219길 61,37.54858748,127.1708235
보인중학교,5742,서울특별시 송파구 오금로49길 18,37.4975692,127.1395178
보성중학교,5649,서울특별시 송파구 양재대로 1278,37.52008989,127.1357293
배재중학교,5234,서울특별시 강동구 고덕로 227,37.55505939,127.1502473
배명중학교,5598,서울특별시 송파구 삼학사로 11,37.4976895,127.0958118
방이중학교,5546,서울특별시 송파구 오금로11길 64,37.51501058,127.1132445
방산중학교,5645,서울특별시 송파구 오금로29길 31,37.50937287,127.1218756
문현중학교,5811,서울특별시 송파구 충민로 99,37.48058417,127.1279464
문정중학교,5797,서울특별시 송파구 문정로 73,37.48848095,127.1300209
명일중학교,5230,서울특별시 강동구 양재대로156길 57,37.55759545,127.1472905
둔촌중학교,5367,서울특별시 강동구 진황도로61길 25-30,37.53083609,127.1463317
동신중학교,5339,서울특별시 강동구 진황도로 72,37.53676952,127.1343666
동북중학교,5412,서울특별시 강동구 강동대로 305,37.52024061,127.1394507
고덕중학교,5225,서울특별시 강동구 동남로82길 94,37.56036661,127.1616435
거원중학교,5789,서울특별시 송파구 양산로2길 30,37.48772386,127.1465491
강일중학교,5236,서울특별시 강동구 고덕로27길 12,37.5553497,127.1382931
강명중학교,5285,서울특별시 강동구 상일로12길 56,37.55559343,127.1748967
강동중학교,5208,서울특별시 강동구 풍산로 237,37.56965025,127.177836
가원중학교,5831,서울특별시 송파구 중대로10길 40-18,37.49099949,127.1231711
가락중학교,5673,서울특별시 송파구 송이로 45,37.50248553,127.1187527
서울대학교사범대학부설중학교,2796,서울특별시 성북구 월곡로 36,37.59582047,127.0391333
숭곡중학교,2736,서울특별시 성북구 종암로 208,37.60847848,127.0312998
영훈국제중학교,1211,서울특별시 강북구 도봉로13가길 19,37.61468187,127.0280933
홍익대학교사범대학부속중학교,2835,서울특별시 성북구 성북로14가길 23,37.59366662,127.002805
한성여자중학교,2876,서울특별시 성북구 삼선교로16길 118,37.5819996,127.0113127
창문여자중학교,1237,서울특별시 강북구 월계로 61,37.61340092,127.035828
신일중학교,1133,서울특별시 강북구 솔매로49길 20,37.62796722,127.0284031
성암여자중학교,1174,서울특별시 강북구 도봉로29길 52,37.62041353,127.0239059
성신여자중학교,2840,서울특별시 성북구 북악산로 918,37.59462313,127.0231285
서라벌중학교,1006,서울특별시 강북구 삼양로155길 37-9,37.65698403,127.0114883
동구여자중학교,2834,서울특별시 성북구 성북로8길 71,37.59410587,127.0082153
남대문중학교,2763,서울특별시 성북구 한천로 660-30,37.61863313,127.0557971
고명중학교,2828,서울특별시 성북구 북악산로 870,37.59767468,127.0191869
고려대학교사범대학부속중학교,2708,서울특별시 성북구 정릉로 161,37.60783857,127.0028302
길음중학교,2723,서울특별시 성북구 길음로 144,37.61409027,127.0174557
화계중학교,1095,서울특별시 강북구 화계사길 63,37.63251806,127.0097091
종암중학교,2809,서울특별시 성북구 종암로5길 80-17,37.593111,127.0319913
장위중학교,2743,서울특별시 성북구 장위로4길 70,37.61129251,127.0408411
인수중학교,1015,서울특별시 강북구 인수봉로75길 10,37.64386667,127.0099213
월곡중학교,2773,서울특별시 성북구 장월로 6,37.60698163,127.0482588
용문중학교,2843,서울특별시 성북구 고려대로17가길 46,37.58869033,127.0246608
수유중학교,1095,서울특별시 강북구 인수봉로37길 40,37.6315652,127.0104838
수송중학교,1061,서울특별시 강북구 한천로122길 21,37.63680065,127.0339176
석관중학교,2782,서울특별시 성북구 한천로 526,37.60814014,127.0667131
삼선중학교,2833,서울특별시 성북구 동소문로3길 69,37.59174763,127.0078716
삼각산중학교,1198,서울특별시 강북구 삼양로19길 141,37.61614897,127.0145684
북악중학교,2812,서울특별시 성북구 정릉로12길 41,37.60700905,127.0016095
번동중학교,1137,서울특별시 강북구 오현로35길 87,37.63245569,127.0362064
미양중학교,1190,서울특별시 강북구 인수봉로 39,37.62366717,127.0121792
개운중학교,2808,서울특별시 성북구 북악산로 935,37.59462665,127.0248421
강북중학교,1051,서울특별시 강북구 한천로150길 67,37.6449159,127.0253734
내곡중학교,6799,서울특별시 서초구 청계산로7길 9-20,37.45200325,127.0544446
세곡중학교,6374,서울특별시 강남구 자곡로 81,37.47198073,127.0918862
휘문중학교,6183,서울특별시 강남구 역삼로 541,37.50528945,127.0619939
진선여자중학교,6213,서울특별시 강남구 선릉로85길 27,37.50230289,127.0482866
중동중학교,6344,서울특별시 강남구 일원로8길 37,37.48851679,127.078612
은성중학교,6264,서울특별시 강남구 남부순환로359길 36,37.48837857,127.0352324
숙명여자중학교,6277,서울특별시 강남구 남부순환로 2807,37.49147536,127.0526126
세화여자중학교,6548,서울특별시 서초구 신반포로 56-7,37.50199646,126.99423
서문여자중학교,6565,서울특별시 서초구 동광로12길 84,37.48891973,126.9845458
동덕여자중학교,6700,서울특별시 서초구 효령로2길 123-5,37.47587863,126.991995
단국대학교사범대학부속중학교,6278,서울특별시 강남구 도곡로64길 21,37.49561749,127.0577682
청담중학교,6010,서울특별시 강남구 압구정로61길 36,37.52865979,127.0448101
이수중학교,6689,서울특별시 서초구 방배중앙로3길 32,37.48063003,126.989859
원촌중학교,6544,서울특별시 서초구 사평대로45길 10,37.5063251,127.0146997
영동중학교,6765,서울특별시 서초구 성촌길 14,37.46598629,127.0251407
역삼중학교,6219,서울특별시 강남구 도곡로43길 10,37.49593388,127.0488909
언주중학교,6093,서울특별시 강남구 선릉로116길 57,37.51465316,127.0466832
언북중학교,6050,서울특별시 강남구 도산대로38길 27,37.51942855,127.0331263
언남중학교,6780,서울특별시 서초구 동산로 55,37.47240137,127.0442436
압구정중학교,6003,서울특별시 강남구 압구정로 225,37.53024224,127.0330027
신사중학교,6000,서울특별시 강남구 압구정로 123,37.52469784,127.0211914
신반포중학교,6504,서울특별시 서초구 신반포로19길 26,37.50626532,126.9961242
신동중학교,6516,서울특별시 서초구 나루터로 27,37.5169159,127.0129154
신구중학교,6023,서울특별시 강남구 압구정로36길 17,37.52744229,127.0316727
수서중학교,6348,서울특별시 강남구 광평로59길 57,37.49120377,127.1023799
서초중학교,6670,서울특별시 서초구 반포대로13길 48,37.48553868,127.0085193
서일중학교,6617,서울특별시 서초구 서운로21길 2,37.49852986,127.0232207
서운중학교,6623,서울특별시 서초구 서운로 115,37.49394851,127.0245382
봉은중학교,6079,서울특별시 강남구 영동대로128길 59,37.51897667,127.0623894
방배중학교,6589,서울특별시 서초구 동광로 144,37.49486827,126.997827
반포중학교,6502,서울특별시 서초구 신반포로 67,37.50305237,126.991604
도곡중학교,6273,서울특별시 강남구 언주로57길 31,37.49230771,127.0452179
대치중학교,6299,서울특별시 강남구 남부순환로378길 39,37.48457751,127.0470652
대청중학교,6289,서울특별시 강남구 양재천로 321,37.49043056,127.0583501
대왕중학교,6362,서울특별시 강남구 광평로20길 7,37.48346033,127.0873381
대명중학교,6183,서울특별시 강남구 역삼로87길 26,37.50633641,127.0609849
구룡중학교,6318,서울특별시 강남구 선릉로 103,37.48615258,127.056121
경원중학교,6521,서울특별시 서초구 신반포로33길 39,37.5115816,127.0090183
개포중학교,6321,서울특별시 강남구 선릉로 9,37.48078757,127.0616268
개원중학교,6328,서울특별시 강남구 영동대로 101,37.49163975,127.0714157
마곡하늬중학교,7810,서울특별시 강서구 마곡서1로 16,37.5581679,126.8209848
화곡중학교,7638,서울특별시 강서구 강서로45길 70,37.5484056,126.8326573
영도중학교,7958,서울특별시 양천구 목동중앙남로 27,37.53631557,126.8657711
양정중학교,7985,서울특별시 양천구 안양천로 1039,37.53539226,126.8877343
신정여자중학교,7736,서울특별시 강서구 등촌로13아길 20,37.53838143,126.8570622
봉영여자중학교,8099,서울특별시 양천구 목동동로2길 68,37.50921598,126.8601984
명덕여자중학교,7633,서울특별시 강서구 강서로47길 34-10,37.55394399,126.8342914
마포중학교,7576,서울특별시 강서구 화곡로 403,37.55998867,126.8531334
등촌중학교,7664,서울특별시 강서구 공항대로 484-12,37.55248221,126.8592148
덕원중학교,7640,서울특별시 강서구 강서로45길 91-44,37.54862258,126.8290245
마곡중학교,7598,서울특별시 강서구 마곡중앙5로 58,37.56798325,126.8214009
화원중학교,7764,서울특별시 강서구 강서로17나길 86,37.53621409,126.8424135
월촌중학교,7984,서울특별시 양천구 목동서로 31,37.53706518,126.8827588
염창중학교,7536,서울특별시 강서구 양천로67가길 83,37.55426407,126.8717473
염경중학교,7535,서울특별시 강서구 양천로69길 35,37.55453781,126.8705292
양천중학교,8037,서울특별시 양천구 지양로7길 32,37.51900116,126.8305508
양서중학교,7912,서울특별시 양천구 남부순환로 380,37.53262929,126.8291351
양동중학교,7947,서울특별시 양천구 목동중앙북로 49,37.54836875,126.8687172
양강중학교,7935,서울특별시 양천구 중앙로 319,37.52491016,126.8496203
신화중학교,7902,서울특별시 양천구 남부순환로29길 35,37.54082326,126.8298965
신월중학교,7902,서울특별시 양천구 남부순환로29길 25,37.54046194,126.828389
신원중학교,7909,서울특별시 양천구 가로공원로55길 19,37.5370925,126.8248419
신서중학교,8091,서울특별시 양천구 중앙로 206,37.51596644,126.8550164
신목중학교,7981,서울특별시 양천구 목동중앙로 88,37.53702399,126.8730725
신남중학교,8061,서울특별시 양천구 중앙로29길 109,37.52077389,126.8478262
수명중학교,7642,서울특별시 강서구 수명로2길 16,37.54856699,126.8240596
송정중학교,7628,서울특별시 강서구 남부순환로 121,37.55315807,126.8152435
성재중학교,7529,서울특별시 강서구 허준로 36,37.56944938,126.8452953
삼정중학교,7508,서울특별시 강서구 금낭화로 210,37.5814869,126.8106015
백석중학교,7669,서울특별시 강서구 등촌로51나길 35,37.54829091,126.8589539
방화중학교,7621,서울특별시 강서구 개화동로27길 9,37.56433471,126.8071069
방원중학교,7515,서울특별시 강서구 금낭화로 268,37.57597576,126.8086174
목일중학교,8018,서울특별시 양천구 목동동로8길 70,37.51354095,126.8740325
목운중학교,7996,서울특별시 양천구 목동동로 235,37.52700952,126.8730442
목동중학교,8010,서울특별시 양천구 목동동로 172,37.5209572,126.8714434
등원중학교,7576,서울특별시 강서구 화곡로65길 50,37.55971763,126.8516806
등명중학교,7585,서울특별시 강서구 공항대로39길 39,37.56019335,126.8433041
금옥중학교,8080,서울특별시 양천구 신정로 213,37.51096532,126.8439717
공항중학교,7618,서울특별시 강서구 방화대로 241,37.56217751,126.8149668
경서중학교,7533,서울특별시 강서구 양천로59길 31,37.56124186,126.857764
강신중학교,8047,서울특별시 양천구 남부순환로 604,37.51513716,126.8381601
서울대학교사범대학부설여자중학교,3087,서울특별시 종로구 대학로 64,37.5775997,127.0042955
환일중학교,4500,서울특별시 중구 환일길 47,37.55360652,126.9628021
한양중학교,4566,서울특별시 중구 을지로 299,37.5658716,127.0114433
한강중학교,4384,서울특별시 용산구 녹사평대로 73,37.52361192,126.9927909
청운중학교,3047,서울특별시 종로구 창의문로 51,37.58917094,126.9710886
창덕여자중학교,4516,서울특별시 중구 정동길 22,37.5664328,126.9692102
중앙중학교,3051,서울특별시 종로구 창덕궁길 164,37.58378822,126.9874726
장충중학교,4603,서울특별시 중구 동호로15길 93,37.5535149,127.006415
장원중학교,4603,서울특별시 중구 동호로15길 93-34,37.55396452,127.0060429
용산중학교,4353,서울특별시 용산구 두텁바위로 74,37.54606606,126.9809252
용강중학교,4423,서울특별시 용산구 이촌로65가길 91,37.52157693,126.9754853
오산중학교,4396,서울특별시 용산구 보광로7길 17,37.52358051,127.0008872
신광여자중학교,4313,서울특별시 용산구 청파로 263,37.54289988,126.9694475
성심여자중학교,4361,서울특별시 용산구 원효로19길 49,37.53420937,126.9545934
선린중학교,4314,서울특별시 용산구 원효로97길 33-4,37.54276984,126.9660387
상명대학교사범대학부속여자중학교,3016,서울특별시 종로구 홍지문2길 20,37.60410891,126.9551595
보성여자중학교,4338,서울특별시 용산구 신흥로3가길 66,37.54308154,126.9842842
배화여자중학교,3039,서울특별시 종로구 필운대로1길 34,37.57954401,126.9672919
배문중학교,4305,서울특별시 용산구 효창원로 258,37.54991872,126.9639041
동성중학교,3083,서울특별시 종로구 대학로 156,37.58496996,127.0030976
덕수중학교,4548,서울 중구 마른내로9길 10,37.56557957,126.9969973
덕성여자중학교,3062,서울특별시 종로구 율곡로3길 49,37.57778598,126.9819092
대신중학교,3029,서울특별시 종로구 사직로 9,37.57312377,126.9612545
대경중학교,4592,서울특별시 중구 매봉18길 111,37.55637326,127.0169792
금호여자중학교,4587,서울특별시 중구 청구로 6,37.5580382,127.0204612
경신중학교,3067,서울특별시 종로구 혜화로 74,37.59220227,126.999531
효문중학교,1372,서울특별시 도봉구 우이천로 432,37.65269871,127.0184005
한천중학교,1832,서울특별시 노원구 공릉로 265,37.63131395,127.0724401
하계중학교,1791,서울특별시 노원구 노원로 261-8,37.64136991,127.0723336
태랑중학교,1801,서울특별시 노원구 화랑로51나길 51,37.62698409,127.0913718
청원중학교,1672,서울특별시 노원구 한글비석로 506,37.66525155,127.0625329
창일중학교,1424,서울특별시 도봉구 노해로66길 60,37.64898751,127.0469136
창북중학교,1483,서울특별시 도봉구 노해로62길 33,37.64911577,127.0388329
창동중학교,1338,서울특별시 도봉구 방학로 32,37.66322957,127.0489975
중평중학교,1776,서울특별시 노원구 동일로203길 87,37.63697638,127.0623354
중원중학교,1787,서울특별시 노원구 공릉로 420,37.64423868,127.0680295
중계중학교,1712,서울특별시 노원구 덕릉로76길 23,37.65563822,127.0752409
정의여자중학교,1438,서울특별시 도봉구 노해로49길 69,37.65335584,127.0324273
재현중학교,1717,서울특별시 노원구 덕릉로82길 64,37.66129064,127.0807998
을지중학교,1741,서울특별시 노원구 덕릉로 580,37.64978791,127.0717084
월계중학교,1877,서울특별시 노원구 월계로45가길 54,37.63113114,127.0523203
온곡중학교,1678,서울특별시 노원구 노원로 492,37.66058142,127.0643327
염광중학교,1874,서울특별시 노원구 월계로45가길 9,37.63028445,127.0492646
신창중학교,1874,서울 노원구 월계로45길 92,37.6285588,127.0474776
신상중학교,1755,서울특별시 노원구 동일로216길 42,37.65190308,127.0639869
신방학중학교,1359,서울특별시 도봉구 시루봉로 156,37.66414043,127.028899
신도봉중학교,1443,서울특별시 도봉구 도봉로115길 16,37.64959473,127.0332481
수락중학교,1602,서울특별시 노원구 동일로 1729,37.68314469,127.0548083
선덕중학교,1375,서울특별시 도봉구 시루봉로 53,37.65634868,127.0268766
상원중학교,1670,서울특별시 노원구 수락산로 182,37.67176621,127.0595076
상명중학교,1758,서울특별시 노원구 덕릉로 553,37.64954781,127.0680416
상계중학교,1705,서울특별시 노원구 노원로 398,37.65260154,127.0689222
상계제일중학교,1716,서울특별시 노원구 덕릉로86길 29-15,37.6610756,127.0780785
상경중학교,1619,서울특별시 노원구 동일로227길 61,37.66714877,127.0537053
불암중학교,1747,서울특별시 노원구 한글비석로5길 45,37.64573547,127.0734572
북서울중학교,1305,서울특별시 도봉구 도봉로169가길 33,37.68154186,127.0428342
백운중학교,1432,서울특별시 도봉구 도봉로129길 50,37.65640592,127.0359076
방학중학교,1358,서울특별시 도봉구 시루봉로 188,37.66545122,127.030859
도봉중학교,1329,서울특별시 도봉구 마들로 671,37.67088384,127.0458717
녹천중학교,1905,서울특별시 노원구 월계로 376,37.63108361,127.0617375
노일중학교,1613,서울특별시 노원구 동일로231길 24,37.67228886,127.0538897
노원중학교,1764,서울특별시 노원구 동일로213길 26,37.64936114,127.059692
노곡중학교,1419,서울특별시 도봉구 노해로70길 95,37.64880251,127.0537437
광운중학교,1890,서울특별시 노원구 광운로1길 24,37.61923977,127.0565452
공릉중학교,1823,서울특별시 노원구 노원로1길 42,37.62222778,127.0836019
신길중학교,7390,서울특별시 영등포구 신길로28길 43,37.50202411,126.9154741
항동중학교,8362,서울특별시 구로구 연동로 239-2,37.48285456,126.82019
천왕중학교,8364,서울특별시 구로구 천왕로 63,37.48265442,126.8373336
한울중학교,8566,서울특별시 금천구 독산로50길 60,37.46240099,126.9071815
윤중중학교,7322,서울특별시 영등포구 여의동로3길 3,37.51893021,126.9241232
우신중학교,8258,서울특별시 구로구 부일로 917,37.49490231,126.8263536
오류중학교,8242,서울특별시 구로구 고척로27바길 19,37.50786222,126.8462113
오남중학교,8363,서울특별시 구로구 오리로9길 25,37.48705969,126.837249
영원중학교,7310,서울특별시 영등포구 영등포로62길 31,37.51497419,126.9136469
영서중학교,8370,서울특별시 구로구 도림로20길 35,37.48911393,126.8956154
영림중학교,8299,서울특별시 구로구 가마산로27길 17,37.49721962,126.8906895
영남중학교,7411,서울특별시 영등포구 대림로31나길 17,37.49787218,126.8958365
여의도중학교,7341,서울특별시 영등포구 국제금융로7길 46,37.5239802,126.9357531
양화중학교,7293,서울특별시 영등포구 당산로 56,37.5196596,126.8959945
안천중학교,8597,서울특별시 금천구 한내로 69-44,37.45952426,126.8874988
신도림중학교,8207,서울특별시 구로구 경인로63길 74,37.51074073,126.8848071
시흥중학교,8650,서울특별시 금천구 시흥대로38길 60,37.44629507,126.9050823
세일중학교,8533,서울특별시 금천구 시흥대로147길 34,37.47459441,126.8953689
선유중학교,7211,서울특별시 영등포구 선유로 213,37.53328647,126.8943007
문일중학교,8634,서울특별시 금천구 시흥대로47길 45,37.44891526,126.8987207
문성중학교,8551,서울특별시 금천구 독산로102길 78,37.4754682,126.9084938
문래중학교,7283,서울특별시 영등포구 선유서로13길 6,37.52041829,126.8841404
동일중학교,8656,서울특별시 금천구 탑골로10길 45,37.45193626,126.9158199
대영중학교,7397,서울특별시 영등포구 도림로80가길 14,37.50343784,126.905208
대림중학교,7442,서울특별시 영등포구 시흥대로185길 6,37.49231887,126.9074673
당산중학교,7224,서울특별시 영등포구 버드나루로 160,37.53203308,126.907614
당산서중학교,7213,서울특별시 영등포구 당산로41길 12,37.53248394,126.8988251
난곡중학교,8549,서울특별시 금천구 문성로 67,37.47804558,126.9107916
구일중학교,8324,서울특별시 구로구 구일로 90-133,37.49530091,126.8737702
구로중학교,8303,서울특별시 구로구 구로중앙로 48,37.49485972,126.8910999
고척중학교,8225,서울특별시 구로구 중앙로3길 20,37.49974083,126.8613425
경인중학교,8238,서울특별시 구로구 경인로 301,37.49846566,126.8536725
개웅중학교,8351,서울특별시 구로구 개봉로11길 81,37.4875269,126.8510711
개봉중학교,8250,서울특별시 구로구 고척로21나길 68,37.50352932,126.8423998
가산중학교,8584,서울특별시 금천구 시흥대로115길 48,37.46877706,126.8944749
가재울중학교,3709,서울특별시 서대문구 수색로 100-75,37.57509835,126.9099742
홍익대학교사범대학부속여자중학교,3967,서울특별시 마포구 성미산로 51,37.55964474,126.9132084
홍은중학교,3648,서울특별시 서대문구 연희로41길 94,37.59189151,126.9357524
한성중학교,3771,서울특별시 서대문구 북아현로1길 24,37.55909644,126.9544565
충암중학교,3481,서울특별시 은평구 가좌로5길 5,37.58464029,126.9218095
창천중학교,4102,서울특별시 마포구 백범로1길 56,37.55491782,126.9392951
진관중학교,3302,서울특별시 은평구 진관4로 36,37.64425564,126.9257277
증산중학교,3493,서울특별시 은평구 증산로5길 27-30,37.58381539,126.9049399
중앙여자중학교,3762,서울특별시 서대문구 북아현로11가길 7,37.56317672,126.9540593
중암중학교,3934,서울특별시 마포구 월드컵북로38길 25,37.57243177,126.9035851
정원여자중학교,3652,서울특별시 서대문구 연희로37안길 51,37.58538212,126.9333431
인창중학교,3746,서울특별시 서대문구 경기대로 65,37.56488513,126.9640232
인왕중학교,3620,서울특별시 서대문구 세검정로4길,37.59217661,126.951676
이화여자대학교사범대학부속이화·금란중학교,3765,서울특별시 서대문구 성산로 520,37.56263931,126.9444886
은평중학교,3429,서울특별시 은평구 갈현로17나길 12-1,37.61063518,126.9083472
예일여자중학교,3412,서울특별시 은평구 연서로 117,37.6109459,126.9147928
영락중학교,3475,서울특별시 은평구 백련산로 134-6,37.5969603,126.9251803
연희중학교,3670,서울특별시 서대문구 증가로 170,37.57958728,126.9187918
연천중학교,3338,서울특별시 은평구 연서로41길 30,37.62754521,126.9258198
연신중학교,3342,서울특별시 은평구 연서로33길 16-32,37.62353926,126.9242879
연서중학교,3496,서울특별시 은평구 증산서길 125-6,37.58701931,126.9092766
연북중학교,3718,서울특별시 서대문구 연희로36길 32,37.57757835,126.9384801
아현중학교,4117,서울특별시 마포구 마포대로 247,37.55640071,126.9565
신연중학교,3717,서울특별시 서대문구 모래내로 408,37.58271543,126.9398364
신수중학교,4087,서울특별시 마포구 신수로 49,37.545923,126.934132
신도중학교,3310,서울특별시 은평구 진관1로 77-30,37.63298366,126.9308787
숭실중학교,3445,서울특별시 은평구 은평터널로7길 6,37.59327482,126.9024039
숭문중학교,4126,서울특별시 마포구 숭문길 99,37.55089081,126.9457689
성서중학교,3965,서울특별시 마포구 성산로4길 42,37.5627873,126.9079522
성산중학교,4072,서울특별시 마포구 성지1길 32-13,37.54731637,126.9165628
성사중학교,3951,서울특별시 마포구 모래내로9길 16,37.5680911,126.912683
선정중학교,3327,서울특별시 은평구 서오릉로20길 19,37.61870451,126.9090316
선일여자중학교,3322,서울특별시 은평구 갈현로29길 27,37.62030421,126.9119931
서울여자중학교,4140,서울특별시 마포구 백범로25길 34,37.5477805,126.94907
서연중학교,3704,서울특별시 서대문구 연희로11마길 9-6,37.56822527,126.9273336
상암중학교,3907,서울특별시 마포구 상암산로1길 26,37.57905692,126.8875508
상신중학교,3447,서울특별시 은평구 증산로15길 61,37.58978547,126.9064249
불광중학교,3359,서울특별시 은평구 불광로 180,37.62320355,126.9321291
명지중학교,3656,서울특별시 서대문구 명지2길 56,37.58491135,126.9270902
동명여자중학교,3735,서울특별시 서대문구 독립문로 49,37.56861542,126.9622529
동도중학교,4140,서울특별시 마포구 백범로 139,37.54670177,126.9469053
덕산중학교,3433,서울특별시 은평구 가좌로 400,37.6022574,126.9046771
대성중학교,3322,서울특별시 은평구 갈현로29길 51-24,37.62314228,126.9097907
구산중학교,3429,서울특별시 은평구 갈현로15길 20-23,37.60987202,126.9094887
광성중학교,4097,서울 마포구 신수로8길 20,37.54869756,126.9359696
경성중학교,3977,서울특별시 마포구 성미산로 111,37.56351064,126.9191663
휘경중학교,2498,서울특별시 동대문구 망우로18나길 20,37.58709299,127.0617461
휘경여자중학교,2503,서울특별시 동대문구 한천로 247,37.58190052,127.0674341
혜원여자중학교,2174,서울특별시 중랑구 봉우재로58길 39,37.59327987,127.0970427
태릉중학교,2040,서울특별시 중랑구 공릉로2길 60-25,37.61253191,127.0834355
청량중학교,2461,서울특별시 동대문구 왕산로 301,37.58821921,127.0506225
중화중학교,2193,서울특별시 중랑구 용마산로 364,37.58450379,127.0945608
중랑중학교,2047,서울특별시 중랑구 동일로140길 33,37.60535089,127.0807928
정화여자중학교,2480,서울특별시 동대문구 홍릉로15길 50,37.58604864,127.0410703
전일중학교,2506,서울특별시 동대문구 사가정로13길 67,37.58250018,127.0583795
전동중학교,2511,서울특별시 동대문구 장안벚꽃로 291,37.58619359,127.0709291
전농중학교,2506,서울특별시 동대문구 사가정로13길 71,37.58204428,127.0592794
장평중학교,2640,서울특별시 동대문구 답십리로72길 158,37.56685961,127.0704776
장안중학교,2088,서울특별시 중랑구 동일로 780,37.60077444,127.0809965
원묵중학교,2022,서울특별시 중랑구 신내로23길 57,37.61779428,127.0843728
용마중학교,2254,서울특별시 중랑구 면목로28길 18,37.5745074,127.0862687
영란여자중학교,2061,서울특별시 중랑구 망우로73길 56,37.6031324,127.1053324
신현중학교,2075,서울특별시 중랑구 봉화산로 162,37.60446458,127.0915328
숭인중학교,2592,서울특별시 동대문구 천호대로47길 34,37.57392046,127.0440578
송곡여자중학교,2057,서울특별시 중랑구 양원역로 67,37.60668904,127.1051455
성일중학교,2575,서울특별시 동대문구 왕산로23길 55,37.58185023,127.0338504
상봉중학교,2081,서울특별시 중랑구 상봉중앙로8나길 28,37.60152799,127.0901246
봉화중학교,2179,서울특별시 중랑구 망우로70길 89,37.59582753,127.1043156
면목중학교,2193,서울특별시 중랑구 용마산로70길 37,37.58321586,127.0963033
동원중학교,2062,서울특별시 중랑구 양원역로 32,37.60382264,127.1094981
동대문중학교,2553,서울특별시 동대문구 사가정로 59,37.57452207,127.0519943
동국대학교사범대학부속중학교,2520,서울특별시 동대문구 장안벚꽃로 201,37.57804718,127.075133
대광중학교,2581,서울특별시 동대문구 안암로 6,37.57795467,127.0253235
경희중학교,2447,서울특별시 동대문구 경희대로 26,37.59394914,127.054891
경희여자중학교,2447,서울특별시 동대문구 경희대로 26,37.59394914,127.054891
용산철도고등학교,4388,서울특별시 용산구 서빙고로 24,37.52434158,126.9673581
서울동산고등학교,1832,서울특별시 노원구 공릉로 257,37.63077798,127.0739984
인덕과학기술고등학교,1878,서울특별시 노원구 초안산로 12,37.63034387,127.0544999
서울신정고등학교,7736,서울특별시 강서구 등촌로13아길 20,37.53838143,126.8570622
서일문화예술고등학교,3094,서울특별시 종로구 지봉로17길 49,37.57937936,127.0127927
동명생활경영고등학교,3390,서울특별시 은평구 통일로 793,37.61441879,126.9228204
단국대학교부속소프트웨어고등학교,6278,서울특별시 강남구 도곡로64길 21,37.49561749,127.0577682
광신방송예술고등학교,8847,서울특별시 관악구 광신길 141,37.4644762,126.9259406
고명외식고등학교,2828,서울특별시 성북구 북악산로 870,37.59767468,127.0191869
서울의료보건고등학교,4502,서울특별시 중구 만리재로37길 30,37.55729809,126.9667203
영락의료과학고등학교,8831,서울특별시 관악구 청룡16길 25,37.47654259,126.9454164
풍문고등학교,6373,서울특별시 강남구 자곡로 152,37.47133617,127.0999634
금호고등학교,4727,서울특별시 성동구 금호로 118,37.5536215,127.0234338
도선고등학교,4701,서울특별시 성동구 마장로 156,37.56684395,127.0269957
신진과학기술고등학교,3453,서울특별시 은평구 은평로6길 16,37.59871385,126.9188364
선정국제관광고등학교,3327,서울특별시 은평구 서오릉로20길 19,37.61870451,126.9090316
계성고등학교,2720,서울특별시 성북구 길음로 63,37.6074936,127.0201836
서울항공비즈니스고등학교,7597,서울특별시 강서구 방화대로34길 13,37.56921778,126.8170408
대경상업고등학교,4592,서울특별시 중구 매봉18길 111,37.55637326,127.0169792
서울컨벤션고등학교,5225,서울특별시 강동구 동남로 964,37.5592439,127.1580314
대일관광고등학교,8051,서울특별시 양천구 신정이펜1로 11,37.51141377,126.8349067
동일여자상업고등학교,8656,서울특별시 금천구 탑골로10길 45,37.45193626,126.9158199
예림디자인고등학교,8248,서울특별시 구로구 오리로21길 2,37.50035507,126.827683
서울도시과학기술고등학교,2736,서울특별시 성북구 종암로 196,37.6078128,127.0330442
성덕고등학교,5306,서울특별시 강동구 구천면로 396,37.54996367,127.1419039
가재울고등학교,3709,서울특별시 서대문구 수색로 100-35,37.5743637,126.9095297
휘봉고등학교,2511,서울특별시 동대문구 한천로 290,37.58640385,127.068852
잠일고등학교,5501,서울특별시 송파구 백제고분로 21,37.514521,127.0825552
구암고등학교,8723,서울특별시 관악구 성현로 57,37.49244195,126.949625
서울대학교사범대학부설고등학교,2796,서울특별시 성북구 월곡로 6,37.59472384,127.0381204
화곡보건경영고등학교,7638,서울특별시 강서구 강서로45길 70,37.5484056,126.8326573
영신간호비즈니스고등학교,1721,서울특별시 노원구 중계로16나길 13,37.65245208,127.0832769
홍익디자인고등학교,3977,서울특별시 마포구 성미산로 111,37.56351064,126.9191663
동구마케팅고등학교,2834,서울특별시 성북구 성북로8길 71,37.59410587,127.0082153
송곡관광고등학교,2057,서울특별시 중랑구 양원역로 67,37.60668904,127.1051455
세그루패션디자인고등학교,1375,서울특별시 도봉구 시루봉로 53,37.65634868,127.0268766
삼각산고등학교,1199,서울특별시 강북구 삼양로19길 40,37.61628573,127.0201079
선사고등학교,5237,서울특별시 강동구 고덕로25길 17,37.55631588,127.1357756
신도고등학교,3312,서울특별시 은평구 통일로 961,37.62913251,126.9187486
동양고등학교,7529,서울특별시 강서구 허준로 50,37.56901968,126.8470811
서울금융고등학교,7909,서울특별시 양천구 가로공원로61길 19,37.53761704,126.8256241
은평메디텍고등학교,3306,서울특별시 은평구 진관2로 57-57,37.63534652,126.9297048
서울아이티고등학교,1773,서울특별시 노원구 섬밭로 299,37.64241844,127.0624493
문현고등학교,5811,서울특별시 송파구 충민로 115,37.48131355,127.1287623
강일고등학교,5213,서울특별시 강동구 아리수로98길 40,37.5638281,127.1779035
하나고등학교,3305,서울특별시 은평구 연서로 535,37.64163759,126.9369302
압구정고등학교,6003,서울특별시 강남구 압구정로39길 20,37.53113395,127.0327116
상일미디어고등학교,5282,서울특별시 강동구 천호대로219길 61,37.54858748,127.1708235
한세사이버보안고등학교,4129,서울특별시 마포구 마포대로11길 44-80,37.55179832,126.9520784
염광여자메디텍고등학교,1874,서울특별시 노원구 월계로45가길 9,37.63028445,127.0492646
선일이비즈니스고등학교,3322,서울특별시 은평구 갈현로29길 27,37.62030421,126.9119931
리라아트고등학교,4628,서울특별시 중구 소파로2길,37.55766227,126.9877785
서울공연예술고등학교,8249,서울특별시 구로구 오리로22나길 16-26,37.49993066,126.8326087
성동글로벌경영고등학교,4566,서울특별시 중구 퇴계로 375,37.56585472,127.0135246
서울문화고등학교,1338,서울특별시 도봉구 마들로 598,37.66413143,127.0472858
미양고등학교,1190,서울특별시 강북구 인수봉로 39,37.62366717,127.0121792
성수고등학교,4768,서울특별시 성동구 서울숲길 18,37.54734181,127.0382534
수명고등학교,7635,서울특별시 강서구 수명로2길 15,37.54976186,126.8247662
신도림고등학교,8200,서울특별시 구로구 경인로67길 159,37.51406292,126.8820838
진관고등학교,3302,서울특별시 은평구 진관4로 26,37.64333857,126.9243825
은평고등학교,3428,서울특별시 은평구 갈현로15길 51,37.60984462,126.9057802
성암국제무역고등학교,1174,서울특별시 강북구 도봉로29길 52,37.62041353,127.0239059
서울방송고등학교,4731,서울특별시 성동구 동호로5길 131,37.54777448,127.0110373
경복비즈니스고등학교,7589,서울특별시 강서구 화곡로 379,37.55809726,126.8526703
대동세무고등학교,3057,서울특별시 종로구 계동길 84-10,37.58158273,126.9879513
한강미디어고등학교,7206,서울특별시 영등포구 선유로55길 22,37.53929145,126.8972599
구현고등학교,8217,서울특별시 구로구 경인로53가길 17,37.50228322,126.8744182
해성여자고등학교,2505,서울특별시 동대문구 전농로20길 31,37.5818726,127.0569769
서울국제고등학교,3066,서울특별시 종로구 성균관로13길 40,37.59179115,126.9954907
세종과학고등학교,8258,서울특별시 구로구 오리로21길 79,37.4975694,126.8273517
보인고등학교,5742,서울특별시 송파구 오금로49길 18,37.4975692,127.1395178
해성국제컨벤션고등학교,2505,서울특별시 동대문구 전농로20길 31,37.5818726,127.0569769
예일디자인고등학교,3412,서울특별시 은평구 연서로 117,37.6109459,126.9147928
서울전자고등학교,6761,서울특별시 서초구 과천대로 852-23,37.46972182,126.9883627
덕수고등학교,4764,서울특별시 성동구 왕십리로 199,37.55526422,127.0411418
상암고등학교,3903,서울특별시 마포구 월드컵북로 445,37.58134141,126.8833945
원묵고등학교,2041,서울특별시 중랑구 숙선옹주로 82,37.61523231,127.0855078
고려대학교사범대학부속고등학교,2708,서울특별시 성북구 정릉로 161,37.60783857,127.0028302
서울영상고등학교,8021,서울특별시 양천구 목동로11길 46,37.52330444,126.8602935
한양대학교사범대학부속고등학교,4761,서울특별시 성동구 마조로 42,37.56191884,127.042324
효문고등학교,1372,서울특별시 도봉구 우이천로 432,37.65269871,127.0184005
신서고등학교,8021,서울특별시 양천구 은행정로 42,37.52391432,126.8602096
세현고등학교,7531,서울특별시 강서구 허준로 227,37.56043066,126.8636211
이화여자대학교병설미디어고등학교,2061,서울특별시 중랑구 망우로73길 56,37.6031324,127.1053324
동국대학교사범대학부속여자고등학교,5038,서울특별시 광진구 광나루로36길 47,37.54192936,127.0869731
목동고등학교,8099,서울특별시 양천구 목동동로2길 68,37.50921598,126.8601984
서울디자인고등학교,4140,서울특별시 마포구 백범로 139,37.54670177,126.9469053
대진디자인고등학교,6352,서울특별시 강남구 광평로39길 93,37.49042815,127.0959793
서울관광고등학교,8714,서울특별시 관악구 은천로15길 25,37.48781542,126.9437608
서울로봇고등학교,6363,서울특별시 강남구 광평로20길 63,37.48073174,127.0845761
성동공업고등학교,4571,서울특별시 중구 다산로 290,37.56936315,127.0172817
불암고등학교,1736,서울특별시 노원구 중계로 155,37.64915853,127.0803058
월계고등학교,1874,서울특별시 노원구 초안산로5길 66,37.63173301,127.0487159
선유고등학교,7209,서울특별시 영등포구 선유로 227,37.53390162,126.8948507
서서울생활과학고등학교,8248,서울특별시 구로구 오리로 1355-10,37.50382919,126.82826
영동일고등학교,5555,서울특별시 송파구 석촌호수로 93,37.51000082,127.089867
자운고등학교,1412,서울특별시 도봉구 노해로69길 150,37.65904641,127.0506907
신현고등학교,2075,서울특별시 중랑구 봉화산로 174,37.60524904,127.0929499
문정고등학교,5809,서울특별시 송파구 송이로34길 62,37.4851785,127.1266921
등촌고등학교,7580,서울특별시 강서구 공항대로39길 115,37.56294522,126.8450461
도봉고등학교,1302,서울특별시 도봉구 도봉산길 27,37.68675501,127.0425784
경일고등학교,4779,서울특별시 성동구 성수일로 27,37.54382982,127.0478683
서울문영여자고등학교,8833,서울특별시 관악구 관악로 85,37.47290457,126.9509181
염광고등학교,1874,서울특별시 노원구 월계로45가길 9,37.63028445,127.0492646
상명고등학교,1758,서울특별시 노원구 덕릉로 553,37.64954781,127.0680416
미래산업과학고등학교,1717,서울특별시 노원구 덕릉로82길 54,37.65877948,127.0784407
방산고등학교,5645,서울특별시 송파구 오금로27길 18,37.50839952,127.1204696
누원고등학교,1318,서울특별시 도봉구 마들로 849,37.68556896,127.0499327
서울디지텍고등학교,4346,서울특별시 용산구 회나무로12길 27,37.53896942,126.9906177
미림여자정보과학고등학교,8821,서울특별시 관악구 호암로 546,37.4661018,126.9319279
노원고등학교,1675,서울특별시 노원구 노원로 586,37.66180319,127.0540195
경인고등학교,8275,서울특별시 구로구 경인로46길 31,37.49599268,126.8654289
창동고등학교,1483,서울특별시 도봉구 노해로62길 7,37.65103577,127.0388191
독산고등학교,8551,서울특별시 금천구 문성로 64,37.47621872,126.9109396
수락고등학교,1602,서울특별시 노원구 동일로245길 143,37.68290777,127.053571
청원여자고등학교,1672,서울특별시 노원구 한글비석로 506,37.66525155,127.0625329
이화여자대학교사범대학부속이화금란고등학교,3759,서울특별시 서대문구 성산로 560,37.56638886,126.9473557
오류고등학교,8248,서울특별시 구로구 오리로21길 2,37.50035507,126.827683
세명컴퓨터고등학교,3337,서울특별시 은평구 통일로92가길 33,37.6277708,126.9232499
선린인터넷고등학교,4314,서울특별시 용산구 원효로97길 33-4,37.54276984,126.9660387
한양공업고등학교,4566,서울특별시 중구 을지로 299,37.5658716,127.0114433
정화여자상업고등학교,2480,서울특별시 동대문구 홍릉로15길 50,37.58604864,127.0410703
일신여자상업고등학교,5676,서울특별시 송파구 송파대로38길 8,37.50179413,127.1142413
유한공업고등학교,8360,서울특별시 구로구 경인로 8,37.4879766,126.8232907
영등포공업고등학교,7524,서울특별시 강서구 허준로5길 15,37.56983562,126.8500283
수도전기공업고등학교,6324,서울특별시 강남구 개포로 410,37.48493754,127.0644787
서울여자상업고등학교,8833,서울특별시 관악구 관악로 85,37.47290457,126.9509181
덕일전자공업고등학교,8357,서울특별시 구로구 서해안로21길 5-12,37.49053652,126.8371345
광운전자공업고등학교,1890,서울특별시 노원구 광운로1길 24,37.61923977,127.0565452
휘경공업고등학교,2511,서울특별시 동대문구 겸재로 21,37.5852216,127.0697283
송파공업고등학교,5771,서울특별시 송파구 양산로 21,37.49179274,127.1423309
성수공업고등학교,4780,서울특별시 성동구 뚝섬로 365,37.54054,127.0512991
서울공업고등학교,6955,서울특별시 동작구 대방동1길 46,37.50190126,126.922363
경기상업고등학교,3047,서울특별시 종로구 자하문로 136,37.58925853,126.9700571
경기기계공업고등학교,1810,서울특별시 노원구 공릉로 264,37.63224005,127.0749285
강서공업고등학교,7514,서울특별시 강서구 방화대로47길 9,37.57603409,126.8161817
휘문고등학교,6183,서울특별시 강남구 역삼로 541,37.50528945,127.0619939
휘경여자고등학교,2503,서울특별시 동대문구 한천로 247,37.58190052,127.0674341
환일고등학교,4500,서울특별시 중구 환일길 47,37.55360652,126.9628021
화곡고등학교,7640,서울특별시 강서구 강서로45길 69,37.54793611,126.8315357
홍익대학교사범대학부속여자고등학교,3967,서울특별시 마포구 성미산로 51,37.55964474,126.9132084
홍익대학교사범대학부속고등학교,2835,서울특별시 성북구 성북로14가길 23,37.59366662,127.002805
혜원여자고등학교,2174,서울특별시 중랑구 봉우재로58길 39,37.59327987,127.0970427
혜성여자고등학교,1749,서울특별시 노원구 노원로16길 2,37.64055021,127.0736197
현대고등학교,6000,서울특별시 강남구 압구정로 127,37.5254805,127.0223773
한영외국어고등학교,5279,서울특별시 강동구 동남로 832,37.54914056,127.1577731
한영고등학교,5279,서울특별시 강동구 동남로 832,37.54914056,127.1577731
한성여자고등학교,2876,서울특별시 성북구 삼선교로16길 117,37.5830649,127.0117427
한성고등학교,3771,서울특별시 서대문구 북아현로1길 24,37.55909644,126.9544565
한서고등학교,7507,서울특별시 강서구 양천로11길 47,37.5747927,126.8081439
한국삼육고등학교,1795,서울특별시 노원구 화랑로 815,37.64335737,127.1088503
한광고등학교,7732,서울특별시 강서구 등촌로13길 110,37.53884371,126.8579393
한가람고등학교,7984,서울특별시 양천구 목동서로 15,37.53746204,126.8840075
충암고등학교,3481,서울특별시 은평구 가좌로5길 5,37.58464029,126.9218095
청원고등학교,1672,서울특별시 노원구 한글비석로 506,37.66525155,127.0625329
창문여자고등학교,1237,서울특별시 강북구 월계로 61,37.61340092,127.035828
진선여자고등학교,6213,서울특별시 강남구 선릉로85길 27,37.50230289,127.0482866
진명여자고등학교,8002,서울특별시 양천구 목동로 170,37.52404701,126.8658566
중앙여자고등학교,3762,서울특별시 서대문구 북아현로11가길 7,37.56317672,126.9540593
중앙대학교사범대학부속고등학교,6277,서울특별시 강남구 선릉로 207,37.4919059,127.0521116
중앙고등학교,3051,서울특별시 종로구 창덕궁길 164,37.58378822,126.9874726
중산고등학교,6350,서울특별시 강남구 일원로14길 22,37.48574293,127.0814285
중동고등학교,6338,서울특별시 강남구 일원로 7,37.49371459,127.0809122
정의여자고등학교,1438,서울특별시 도봉구 노해로49길 69,37.65335584,127.0324273
정신여자고등학교,5571,서울특별시 송파구 올림픽로4길 16,37.50945384,127.0738473
재현고등학교,1717,서울특별시 노원구 덕릉로82길 64,37.66129064,127.0807998
장훈고등학교,7316,서울특별시 영등포구 영등포로64길 26,37.51334559,126.9162285
장충고등학교,4603,서울특별시 중구 동호로15길 93,37.5535149,127.006415
잠실여자고등학교,5676,서울특별시 송파구 송파대로38길 8,37.50179413,127.1142413
인창고등학교,3746,서울특별시 서대문구 경기대로 65,37.56488513,126.9640232
이화여자외국어고등학교,4516,서울특별시 중구 통일로4길 30,37.56557732,126.9696417
이화여자고등학교,4516,서울특별시 중구 정동길,37.56655471,126.9710372
은광여자고등학교,6264,서울특별시 강남구 남부순환로359길 36,37.48837857,127.0352324
우신고등학교,8258,서울특별시 구로구 부일로 917,37.49490231,126.8263536
용화여자고등학교,1687,서울특별시 노원구 동일로 1461,37.65913138,127.0582807
용문고등학교,2843,서울특별시 성북구 고려대로17가길 46,37.58869033,127.0246608
오산고등학교,4396,서울특별시 용산구 보광로7길 17,37.52358051,127.0008872
예일여자고등학교,3412,서울특별시 은평구 연서로 117,37.6109459,126.9147928
영훈고등학교,1211,서울특별시 강북구 도봉로13가길 19,37.61468187,127.0280933
영파여자고등학교,5529,서울특별시 송파구 올림픽로 565,37.53273562,127.1197395
영일고등학교,7669,서울특별시 강서구 등촌로51가길 26,37.54728726,126.8620589
영신여자고등학교,1721,서울특별시 노원구 중계로16나길 13,37.65245208,127.0832769
영락고등학교,8831,서울특별시 관악구 청룡16길 25,37.47654259,126.9454164
영동고등학교,6065,서울특별시 강남구 선릉로 742,37.52138901,127.0437393
양천고등학교,8108,서울특별시 양천구 신정로14길 13,37.5083206,126.8452028
양정고등학교,7985,서울특별시 양천구 안양천로 1039,37.53539226,126.8877343
신일고등학교,1133,서울특별시 강북구 솔매로49길 20,37.62796722,127.0284031
신광여자고등학교,4313,서울특별시 용산구 청파로 263,37.54289988,126.9694475
숭의여자고등학교,6944,서울특별시 동작구 여의대방로36길 79,37.50736414,126.9292433
숭실고등학교,3445,서울특별시 은평구 은평터널로7길 6,37.59327482,126.9024039
숭문고등학교,4126,서울특별시 마포구 숭문길 99,37.55089081,126.9457689
숙명여자고등학교,6277,서울특별시 강남구 남부순환로 2807,37.49147536,127.0526126
송곡여자고등학교,2057,서울특별시 중랑구 양원역로 67,37.60668904,127.1051455
송곡고등학교,2062,서울특별시 중랑구 양원역로 50,37.60584544,127.1064637
세화여자고등학교,6548,서울특별시 서초구 신반포로 56-7,37.50199646,126.99423
세화고등학교,6548,서울특별시 서초구 신반포로 56-7,37.50199646,126.99423
성심여자고등학교,4361,서울특별시 용산구 원효로19길 49,37.53420937,126.9545934
성신여자고등학교,2840,서울특별시 성북구 동소문로26가길 80,37.59428963,127.0224072
성보고등학교,8773,서울특별시 관악구 남부순환로156길 39,37.48072837,126.9209573
성남고등학교,6946,서울특별시 동작구 대방동길 74,37.50528157,126.9266153
선화예술고등학교,4991,서울특별시 광진구 천호대로 664,37.5509798,127.0870952
선정고등학교,3327,서울특별시 은평구 서오릉로20길 19,37.61870451,126.9090316
선일여자고등학교,3322,서울특별시 은평구 갈현로29길 27,37.62030421,126.9119931
선덕고등학교,1375,서울특별시 도봉구 시루봉로 53,37.65634868,127.0268766
서울외국어고등학교,1489,서울특별시 도봉구 덕릉로66길 22,37.64578079,127.0515087
서울예술고등학교,3011,서울특별시 종로구 평창문화로 70,37.60575682,126.9678907
서울세종고등학교,6348,서울특별시 강남구 광평로51길 36,37.49038935,127.1027968
서울미술고등학교,8802,서울특별시 관악구 남부순환로247길 26,37.47669631,126.9667485
서울국악예술고등학교,,,37.44630269,126.9064994
서문여자고등학교,6565,서울특별시 서초구 동광로12길 84,37.48891973,126.9845458
서라벌고등학교,1745,서울특별시 노원구 한글비석로5길 18,37.64525653,127.0758406
상일여자고등학교,5282,서울특별시 강동구 천호대로219길 61,37.54858748,127.1708235
상문고등학교,6707,서울특별시 서초구 명달로 45,37.47975543,127.0039168
상명대학교사범대학부속여자고등학교,3016,서울특별시 종로구 홍지문2길 20,37.60410891,126.9551595
보성여자고등학교,4338,서울특별시 용산구 신흥로3가길 66,37.54308154,126.9842842
보성고등학교,5649,서울특별시 송파구 양재대로 1278,37.52008989,127.1357293
백암고등학교,8080,서울특별시 양천구 신정로13길 16,37.51219626,126.844377
배화여자고등학교,3039,서울특별시 종로구 필운대로1길 34,37.57954401,126.9672919
배재고등학교,5234,서울특별시 강동구 고덕로 227,37.55505939,127.1502473
배문고등학교,4305,서울특별시 용산구 효창원로 258,37.54991872,126.9639041
배명고등학교,5598,서울특별시 송파구 삼학사로 11,37.4976895,127.0958118
미림여자고등학교,8821,서울특별시 관악구 호암로 546,37.4661018,126.9319279
문일고등학교,8634,서울특별시 금천구 시흥대로47길 45,37.44891526,126.8987207
명지고등학교,3656,서울특별시 서대문구 명지2길 56,37.58491135,126.9270902
명덕외국어고등학교,7633,서울특별시 강서구 강서로47길 34-10,37.55394399,126.8342914
명덕여자고등학교,7633,서울특별시 강서구 강서로47길 34-10,37.55394399,126.8342914
명덕고등학교,7633,서울특별시 강서구 강서로47길 34-10,37.55394399,126.8342914
마포고등학교,7576,서울특별시 강서구 화곡로 403,37.55998867,126.8531334
동일여자고등학교,8656,서울특별시 금천구 탑골로10길 45,37.45193626,126.9158199
동성고등학교,3083,서울특별시 종로구 대학로 156,37.58496996,127.0030976
동북고등학교,5412,서울특별시 강동구 강동대로 305,37.52024061,127.1394507
동명여자고등학교,3390,서울특별시 은평구 통일로 793,37.61441879,126.9228204
동덕여자고등학교,6700,서울특별시 서초구 효령로2길 123-5,37.47587863,126.991995
동국대학교사범대학부속고등학교,2520,서울특별시 동대문구 장안벚꽃로 201,37.57804718,127.075133
덕원예술고등학교,7640,서울특별시 강서구 강서로45길 91-44,37.54862258,126.8290245
덕원여자고등학교,7640,서울특별시 강서구 강서로45길 91-44,37.54862258,126.8290245
덕성여자고등학교,3061,서울특별시 종로구 율곡로3길 50,37.57776082,126.9835581
대진여자고등학교,1785,서울특별시 노원구 공릉로 438,37.64612482,127.0671966
대진고등학교,1807,서울특별시 노원구 공릉로62가길 47,37.63780685,127.07609
대일외국어고등학교,2713,서울특별시 성북구 서경로 116,37.61330459,127.014176
대일고등학교,7672,서울특별시 강서구 등촌로 105,37.5394887,126.8634031
대원외국어고등학교,4939,서울특별시 광진구 용마산로22길 26,37.56245022,127.0893767
대원여자고등학교,4939,서울특별시 광진구 용마산로22길 26,37.56245022,127.0893767
대원고등학교,4939,서울특별시 광진구 용마산로22길 26,37.56245022,127.0893767
대신고등학교,3029,서울특별시 종로구 사직로 9,37.57312377,126.9612545
대성고등학교,3322,서울특별시 은평구 갈현로29길 51-24,37.62314228,126.9097907
대광고등학교,2581,서울특별시 동대문구 안암로 6,37.57795467,127.0253235
단국대학교사범대학부속고등학교,6278,서울특별시 강남구 도곡로64길 21,37.49561749,127.0577682
남강고등학교,8854,서울특별시 관악구 난곡로34길 80,37.47137567,126.9249091
광영여자고등학교,7909,서울특별시 양천구 남부순환로30길 17,37.5371981,126.8232759
광영고등학교,7909,서울특별시 양천구 남부순환로30길 17,37.5371981,126.8232759
광신고등학교,8847,서울특별시 관악구 광신길 141,37.4644762,126.9259406
광성고등학교,4097,서울특별시 마포구 신수로8길 20,37.54869756,126.9359696
광문고등학교,5225,서울특별시 강동구 동남로 968,37.56046181,127.1585463
경희여자고등학교,2447,서울특별시 동대문구 경희대로 26,37.59394914,127.054891
경희고등학교,2447,서울특별시 동대문구 경희대로 26,37.59394914,127.054891
경신고등학교,3067,서울특별시 종로구 혜화로 74,37.59220227,126.999531
경성고등학교,3977,서울특별시 마포구 성미산로 111,37.56351064,126.9191663
경복여자고등학교,7589,서울특별시 강서구 화곡로63길 40,37.55782183,126.8505957
경문고등학교,6995,서울특별시 동작구 동작대로 171,37.49341886,126.9822734
건국대학교사범대학부속고등학교,5029,서울특별시 광진구 능동로 120,37.53918267,127.0747119
강서고등학교,7958,서울특별시 양천구 목동중앙남로 27,37.53631557,126.8657711
강동고등학교,5279,서울특별시 강동구 구천면로 572,37.54991665,127.1606683
혜화여자고등학교,1095,서울특별시 강북구 인수봉로 127,37.63130842,127.013212
한성과학고등학교,3732,서울특별시 서대문구 통일로 279-79,37.57543617,126.9523709
태릉고등학교,2021,서울특별시 중랑구 신내로23길 36,37.61916383,127.0855576
청량고등학교,2461,서울특별시 동대문구 왕산로 303,37.588886,127.051311
청담고등학교,6009,서울특별시 강남구 압구정로 419,37.52800302,127.0437002
창덕여자고등학교,5649,서울특별시 송파구 양재대로 1240,37.51624351,127.1402736
중화고등학교,2047,서울특별시 중랑구 봉화산로27길 62,37.60481461,127.0836541
중경고등학교,4426,서울특별시 용산구 이촌로84길 34,37.5176804,126.9756383
잠실고등학교,5507,서울특별시 송파구 올림픽로33길 71,37.52293043,127.106515
잠신고등학교,5502,서울특별시 송파구 잠실로 24,37.51470129,127.088283
자양고등학교,5069,서울특별시 광진구 뚝섬로37길 28,37.53607797,127.0733395
인헌고등학교,8796,서울특별시 관악구 인헌9길 74,37.47231073,126.9704851
용산고등학교,4353,서울특별시 용산구 두텁바위로 60,37.54586738,126.9803277
오금고등학교,5660,서울특별시 송파구 중대로 247,37.50453217,127.128969
영신고등학교,7436,서울 영등포구 대방천로14길 18,37.49810094,126.909739
영등포여자고등학교,7310,서울특별시 영등포구 영등포로62길 13,37.51538845,126.9153563
영등포고등학교,6933,서울특별시 동작구 등용로8길 5,37.5080846,126.9331435
여의도여자고등학교,7341,서울특별시 영등포구 국제금융로7가길 13,37.52288764,126.9350871
여의도고등학교,7338,서울특별시 영등포구 국제금융로7길 37,37.52505101,126.9342192
언남고등학교,6780,서울 서초구 동산로13길 35,37.47233002,127.0430052
양재고등학교,6750,서울특별시 서초구 남부순환로346길 9,37.48242164,127.0320796
신목고등학교,8018,서울특별시 양천구 안양천로 739,37.51290943,126.8736069
신림고등학교,8772,서울특별시 관악구 문성로 119,37.47921049,126.9169672
수도여자고등학교,7062,서울특별시 동작구 여의대방로10길 73,37.49280146,126.9149071
성동고등학교,4579,서울특별시 중구 퇴계로90길 17,37.5641622,127.0223892
석관고등학교,2782,서울특별시 성북구 한천로70길 30,37.60958929,127.0667176
서초고등학교,6656,서울특별시 서초구 반포대로27길 29,37.48961169,127.0053782
서울체육고등학교,5541,서울특별시 송파구 강동대로 232,37.52233038,127.1298226
서울여자고등학교,4140,서울특별시 마포구 백범로25길 34,37.5477805,126.94907
서울과학고등학교,3066,서울특별시 종로구 혜화로 63,37.59154805,126.9984363
서울고등학교,6669,서울특별시 서초구 효령로 197,37.48429306,127.0049019
상계고등학교,1761,서울특별시 노원구 노해로 432,37.65272468,127.0554534
삼성고등학교,8815,서울특별시 관악구 신림로 41,37.46913998,126.9436699
반포고등학교,6598,서울특별시 서초구 고무래로 71,37.50270273,127.0165107
무학여자고등학교,4716,서울특별시 성동구 고산자로 197,37.55762633,127.0338809
명일여자고등학교,5268,서울특별시 강동구 명일로 350,37.54977633,127.1495815
면목고등학교,2193,서울특별시 중랑구 용마산로72길 36-14,37.58466341,127.0972706
둔촌고등학교,5367,서울특별시 강동구 명일로 140,37.53143258,127.1438087
동작고등학교,7031,서울특별시 동작구 솔밭로 51,37.48260194,126.9650863
대영고등학교,7397,서울특별시 영등포구 도림로86길 16,37.50366109,126.9058657
당곡고등학교,8712,서울특별시 관악구 봉천로21길 108,37.49176034,126.9342464
금천고등학교,8650,서울특별시 금천구 시흥대로38길 26,37.44489502,126.9049018
금옥여자고등학교,8080,서울특별시 양천구 신정로 213,37.51096532,126.8439717
구일고등학교,8324,서울특별시 구로구 구일로 90-51,37.49350529,126.8746185
구로고등학교,8299,서울특별시 구로구 가마산로27길 45,37.49884008,126.8903092
광양고등학교,5104,서울특별시 광진구 자양로3가길 31,37.52937892,127.0851823
광남고등학교,4973,서울특별시 광진구 아차산로70길 17-16,37.54151472,127.1012139
관악고등학교,7278,서울특별시 영등포구 영등포로6길 26,37.52179166,126.8829235
공항고등학교,7597,서울특별시 강서구 방화대로34길 43,37.57046109,126.8185198
고척고등학교,8239,서울특별시 구로구 중앙로15길 162,37.50804938,126.8498691
경복고등학교,3047,서울특별시 종로구 자하문로28가길 9,37.58594567,126.9715109
경동고등학교,2870,서울특별시 성북구 보문로29길 49,37.58660133,127.0160317
경기여자고등학교,6324,서울특별시 강남구 삼성로 29,37.48691516,127.065453
경기고등학교,6086,서울특별시 강남구 영동대로 643,37.51756454,127.0560755
개포고등학교,6324,서울특별시 강남구 개포로 402,37.48496029,127.0594065
가락고등학교,5678,서울특별시 송파구 송이로 42,37.50107579,127.1164258
국립전통예술고등학교,8650,서울특별시 금천구 시흥대로38길 62,37.44637069,126.9064634
국립국악고등학교,6311,서울특별시 강남구 개포로22길 65,37.4762308,127.0514732
